Sessão ID,Início,Fim,Duração (min),ZIPs Processados,Logs Processados,CSVs Gerados,Registros SQL,Erros
6848,2025-07-10 00:00:59.816982,2025-07-10 00:01:06.330506,0.11,0,1,1,1,0
6849,2025-07-10 00:02:07.230489,2025-07-10 00:02:14.037790,0.11,0,1,1,1,0
6850,2025-07-10 00:03:14.951015,2025-07-10 00:03:15.879366,0.02,0,1,1,1,0
6851,2025-07-10 00:04:16.763310,2025-07-10 00:04:17.677672,0.02,0,1,1,1,0
6852,2025-07-10 00:05:18.558838,2025-07-10 00:05:19.465486,0.02,0,1,1,1,0
6853,2025-07-10 00:06:20.352854,2025-07-10 00:06:21.259686,0.02,0,1,1,1,0
6854,2025-07-10 00:07:22.137310,2025-07-10 00:07:23.048726,0.02,0,1,1,1,0
6855,2025-07-10 00:08:23.931185,2025-07-10 00:08:24.920127,0.02,0,1,1,1,0
6856,2025-07-10 00:09:25.797764,2025-07-10 00:09:26.707531,0.02,0,1,1,1,0
6857,2025-07-10 00:10:27.598240,2025-07-10 00:10:28.570749,0.02,0,1,1,1,0
6858,2025-07-10 00:11:29.452084,2025-07-10 00:11:30.403055,0.02,0,1,1,1,0
6859,2025-07-10 00:12:31.290110,2025-07-10 00:12:32.248024,0.02,0,1,1,1,0
6860,2025-07-10 00:13:33.125787,2025-07-10 00:13:34.074029,0.02,0,1,1,1,0
6861,2025-07-10 00:14:34.991663,2025-07-10 00:14:35.965853,0.02,0,1,1,1,0
6862,2025-07-10 00:15:36.845153,2025-07-10 00:15:37.792223,0.02,0,1,1,1,0
6863,2025-07-10 00:16:38.677316,2025-07-10 00:16:39.615056,0.02,0,1,1,1,0
6864,2025-07-10 00:17:40.508021,2025-07-10 00:17:41.453688,0.02,0,1,1,1,0
6865,2025-07-10 00:18:42.353063,2025-07-10 00:18:43.323565,0.02,0,1,1,1,0
6866,2025-07-10 00:19:44.210594,2025-07-10 00:19:45.167170,0.02,0,1,1,1,0
6867,2025-07-10 00:20:46.059424,2025-07-10 00:20:47.078934,0.02,0,1,1,1,0
6868,2025-07-10 00:21:47.962048,2025-07-10 00:21:48.904947,0.02,0,1,1,1,0
6869,2025-07-10 00:22:49.792687,2025-07-10 00:22:50.694637,0.02,0,1,1,1,0
6870,2025-07-10 00:23:51.580498,2025-07-10 00:23:52.537110,0.02,0,1,1,1,0
6871,2025-07-10 00:24:53.457577,2025-07-10 00:24:55.014311,0.03,0,1,1,1,0
6872,2025-07-10 00:25:55.901411,2025-07-10 00:25:57.458670,0.03,0,1,1,1,0
6873,2025-07-10 00:26:58.358293,2025-07-10 00:26:59.940225,0.03,0,1,1,1,0
6874,2025-07-10 00:28:00.827165,2025-07-10 00:28:02.396730,0.03,0,1,1,1,0
6875,2025-07-10 00:29:03.281155,2025-07-10 00:29:04.806319,0.03,0,1,1,1,0
6876,2025-07-10 00:30:05.701890,2025-07-10 00:30:07.216553,0.03,0,1,1,1,0
6877,2025-07-10 00:31:08.127058,2025-07-10 00:31:09.687859,0.03,0,1,1,1,0
6878,2025-07-10 00:32:10.573710,2025-07-10 00:32:12.231349,0.03,0,1,1,1,0
6879,2025-07-10 00:33:13.116849,2025-07-10 00:33:14.799299,0.03,0,1,1,1,0
6880,2025-07-10 00:34:15.679720,2025-07-10 00:34:17.376602,0.03,0,1,1,1,0
6881,2025-07-10 00:35:18.360500,2025-07-10 00:35:20.301283,0.03,0,1,1,1,0
6882,2025-07-10 00:36:21.183437,2025-07-10 00:36:23.044028,0.03,0,1,1,1,0
6883,2025-07-10 00:37:23.931686,2025-07-10 00:37:25.740949,0.03,0,1,1,1,0
6884,2025-07-10 00:38:26.625244,2025-07-10 00:38:28.477309,0.03,0,1,1,1,0
6885,2025-07-10 00:39:29.352847,2025-07-10 00:39:31.162568,0.03,0,1,1,1,0
6886,2025-07-10 00:40:32.056292,2025-07-10 00:40:33.928670,0.03,0,1,1,1,0
6887,2025-07-10 00:41:34.836214,2025-07-10 00:41:36.685713,0.03,0,1,1,1,0
6888,2025-07-10 00:42:37.584269,2025-07-10 00:42:39.431177,0.03,0,1,1,1,0
6889,2025-07-10 00:43:40.319674,2025-07-10 00:43:42.169021,0.03,0,1,1,1,0
6890,2025-07-10 00:44:43.048441,2025-07-10 00:44:44.880015,0.03,0,1,1,1,0
6891,2025-07-10 00:45:45.770401,2025-07-10 00:45:47.606165,0.03,0,1,1,1,0
6892,2025-07-10 00:46:48.497722,2025-07-10 00:46:50.342689,0.03,0,1,1,1,0
6893,2025-07-10 00:47:51.221583,2025-07-10 00:47:53.033417,0.03,0,1,1,1,0
6894,2025-07-10 00:48:53.930981,2025-07-10 00:48:55.829420,0.03,0,1,1,1,0
6895,2025-07-10 00:49:56.712950,2025-07-10 00:49:58.520700,0.03,0,1,1,1,0
6896,2025-07-10 00:50:59.401472,2025-07-10 00:51:01.553838,0.04,0,1,1,1,0
6897,2025-07-10 00:52:02.429569,2025-07-10 00:52:04.588966,0.04,0,1,1,1,0
6898,2025-07-10 00:53:05.478882,2025-07-10 00:53:07.890071,0.04,0,1,1,1,0
6899,2025-07-10 00:54:08.783343,2025-07-10 00:54:11.193047,0.04,0,1,1,1,0
6900,2025-07-10 00:55:12.076330,2025-07-10 00:55:14.448568,0.04,0,1,1,1,0
6901,2025-07-10 00:56:15.374460,2025-07-10 00:56:17.811716,0.04,0,1,1,1,0
6902,2025-07-10 00:57:18.695646,2025-07-10 00:57:21.090159,0.04,0,1,1,1,0
6903,2025-07-10 00:58:21.981517,2025-07-10 00:58:24.394116,0.04,0,1,1,1,0
6904,2025-07-10 00:59:25.288268,2025-07-10 00:59:27.718430,0.04,0,1,1,1,0
6905,2025-07-10 01:00:28.608447,2025-07-10 01:00:31.340636,0.05,0,1,1,1,0
6906,2025-07-10 01:01:32.232424,2025-07-10 01:01:34.888926,0.04,0,1,1,1,0
6907,2025-07-10 01:02:35.768156,2025-07-10 01:02:38.441549,0.04,0,1,1,1,0
6908,2025-07-10 01:03:39.330559,2025-07-10 01:03:42.150429,0.05,0,1,1,1,0
6909,2025-07-10 01:04:43.029396,2025-07-10 01:04:45.788920,0.05,0,1,1,1,0
6910,2025-07-10 01:05:46.736330,2025-07-10 01:05:49.550099,0.05,0,1,1,1,0
6911,2025-07-10 01:06:50.435649,2025-07-10 01:06:53.159355,0.05,0,1,1,1,0
6912,2025-07-10 01:07:54.040114,2025-07-10 01:07:57.467277,0.06,0,1,1,1,0
6913,2025-07-10 01:08:58.364625,2025-07-10 01:09:01.884643,0.06,0,1,1,1,0
6914,2025-07-10 01:10:02.786111,2025-07-10 01:10:06.259298,0.06,0,1,1,1,0
6915,2025-07-10 01:11:07.142008,2025-07-10 01:11:10.566043,0.06,0,1,1,1,0
6916,2025-07-10 01:12:11.450278,2025-07-10 01:12:14.878551,0.06,0,1,1,1,0
6917,2025-07-10 01:13:15.767983,2025-07-10 01:13:19.358654,0.06,0,1,1,1,0
6918,2025-07-10 01:14:20.244691,2025-07-10 01:14:23.680670,0.06,0,1,1,1,0
6919,2025-07-10 01:15:24.569935,2025-07-10 01:15:27.994925,0.06,0,1,1,1,0
6920,2025-07-10 01:16:28.902923,2025-07-10 01:16:32.349019,0.06,0,1,1,1,0
6921,2025-07-10 01:17:33.256885,2025-07-10 01:17:36.863363,0.06,0,1,1,1,0
6922,2025-07-10 01:18:37.748422,2025-07-10 01:18:41.163201,0.06,0,1,1,1,0
6923,2025-07-10 01:19:42.052982,2025-07-10 01:19:45.448718,0.06,0,1,1,1,0
6924,2025-07-10 01:20:46.335955,2025-07-10 01:20:49.723445,0.06,0,1,1,1,0
6925,2025-07-10 01:21:50.652416,2025-07-10 01:21:54.542601,0.06,0,1,1,1,0
6926,2025-07-10 01:22:55.427130,2025-07-10 01:22:59.412109,0.07,0,1,1,1,0
6927,2025-07-10 01:24:00.303877,2025-07-10 01:24:04.243694,0.07,0,1,1,1,0
6928,2025-07-10 01:25:05.130543,2025-07-10 01:25:08.979535,0.06,0,1,1,1,0
6929,2025-07-10 01:26:09.866419,2025-07-10 01:26:13.718938,0.06,0,1,1,1,0
6930,2025-07-10 01:27:14.612345,2025-07-10 01:27:18.481272,0.06,0,1,1,1,0
6931,2025-07-10 01:28:19.375794,2025-07-10 01:28:23.237937,0.06,0,1,1,1,0
6932,2025-07-10 01:29:24.124869,2025-07-10 01:29:28.409044,0.07,0,1,1,1,0
6933,2025-07-10 01:30:29.392001,2025-07-10 01:30:33.750748,0.07,0,1,1,1,0
6934,2025-07-10 01:31:34.632296,2025-07-10 01:31:38.945039,0.07,0,1,1,1,0
6935,2025-07-10 01:32:39.842732,2025-07-10 01:32:44.468987,0.08,0,1,1,1,0
6936,2025-07-10 01:33:45.366909,2025-07-10 01:33:49.766352,0.07,0,1,1,1,0
6937,2025-07-10 01:34:50.665455,2025-07-10 01:34:54.959523,0.07,0,1,1,1,0
6938,2025-07-10 01:35:55.867127,2025-07-10 01:36:00.148694,0.07,0,1,1,1,0
6939,2025-07-10 01:37:01.033541,2025-07-10 01:37:05.317169,0.07,0,1,1,1,0
6940,2025-07-10 01:38:06.201012,2025-07-10 01:38:10.475982,0.07,0,1,1,1,0
6941,2025-07-10 01:39:11.358505,2025-07-10 01:39:15.639584,0.07,0,1,1,1,0
6942,2025-07-10 01:40:16.523838,2025-07-10 01:40:20.831157,0.07,0,1,1,1,0
6943,2025-07-10 01:41:21.718731,2025-07-10 01:41:25.960639,0.07,0,1,1,1,0
6944,2025-07-10 01:42:26.842166,2025-07-10 01:42:31.174284,0.07,0,1,1,1,0
6945,2025-07-10 01:43:32.066666,2025-07-10 01:43:36.772938,0.08,0,1,1,1,0
6946,2025-07-10 01:44:37.656770,2025-07-10 01:44:42.383217,0.08,0,1,1,1,0
6947,2025-07-10 01:45:43.276503,2025-07-10 01:45:48.077537,0.08,0,1,1,1,0
6948,2025-07-10 01:46:48.971603,2025-07-10 01:46:53.832903,0.08,0,1,1,1,0
6949,2025-07-10 01:47:54.719098,2025-07-10 01:47:59.445293,0.08,0,1,1,1,0
6950,2025-07-10 01:49:00.337418,2025-07-10 01:49:05.043792,0.08,0,1,1,1,0
6951,2025-07-10 01:50:05.930200,2025-07-10 01:50:10.637127,0.08,0,1,1,1,0
6952,2025-07-10 01:51:11.527887,2025-07-10 01:51:16.546413,0.08,0,1,1,1,0
6953,2025-07-10 01:52:17.437377,2025-07-10 01:52:22.439645,0.08,0,1,1,1,0
6954,2025-07-10 01:53:23.342394,2025-07-10 01:53:28.475215,0.09,0,1,1,1,0
6955,2025-07-10 01:54:29.366169,2025-07-10 01:54:34.520083,0.09,0,1,1,1,0
6956,2025-07-10 01:55:35.414190,2025-07-10 01:55:40.437863,0.08,0,1,1,1,0
6957,2025-07-10 01:56:41.449784,2025-07-10 01:56:46.588337,0.09,0,1,1,1,0
6958,2025-07-10 01:57:47.473927,2025-07-10 01:57:52.698772,0.09,0,1,1,1,0
6959,2025-07-10 01:58:53.618413,2025-07-10 01:58:59.028261,0.09,0,1,1,1,0
6960,2025-07-10 01:59:59.916268,2025-07-10 02:00:05.101226,0.09,0,1,1,1,0
6961,2025-07-10 02:01:05.991733,2025-07-10 02:01:11.135909,0.09,0,1,1,1,0
6962,2025-07-10 02:02:12.030460,2025-07-10 02:02:17.308713,0.09,0,1,1,1,0
6963,2025-07-10 02:03:18.198326,2025-07-10 02:03:23.368525,0.09,0,1,1,1,0
6964,2025-07-10 02:04:24.258716,2025-07-10 02:04:29.362165,0.09,0,1,1,1,0
6965,2025-07-10 02:05:30.257588,2025-07-10 02:05:35.401767,0.09,0,1,1,1,0
6966,2025-07-10 02:06:36.295985,2025-07-10 02:06:41.491612,0.09,0,1,1,1,0
6967,2025-07-10 02:07:42.506999,2025-07-10 02:07:47.658086,0.09,0,1,1,1,0
6968,2025-07-10 02:08:48.539428,2025-07-10 02:08:53.821474,0.09,0,1,1,1,0
6969,2025-07-10 02:09:54.721485,2025-07-10 02:09:59.849319,0.09,0,1,1,1,0
6970,2025-07-10 02:11:00.755890,2025-07-10 02:11:05.923998,0.09,0,1,1,1,0
6971,2025-07-10 02:12:06.812043,2025-07-10 02:12:12.139804,0.09,0,1,1,1,0
6972,2025-07-10 02:13:13.033317,2025-07-10 02:13:18.365937,0.09,0,1,1,1,0
6973,2025-07-10 02:14:19.254969,2025-07-10 02:14:24.563266,0.09,0,1,1,1,0
6974,2025-07-10 02:15:25.446742,2025-07-10 02:15:30.873907,0.09,0,1,1,1,0
6975,2025-07-10 02:16:31.782462,2025-07-10 02:16:37.076661,0.09,0,1,1,1,0
6976,2025-07-10 02:17:37.963480,2025-07-10 02:17:43.358371,0.09,0,1,1,1,0
6977,2025-07-10 02:18:44.257528,2025-07-10 02:18:49.877987,0.09,0,1,1,1,0
6978,2025-07-10 02:19:50.800594,2025-07-10 02:19:56.644350,0.10,0,1,1,1,0
6979,2025-07-10 02:20:57.537841,2025-07-10 02:21:03.328214,0.10,0,1,1,1,0
6980,2025-07-10 02:22:04.219934,2025-07-10 02:22:09.950527,0.10,0,1,1,1,0
6981,2025-07-10 02:23:10.831981,2025-07-10 02:23:16.637040,0.10,0,1,1,1,0
6982,2025-07-10 02:24:17.522964,2025-07-10 02:24:23.190132,0.09,0,1,1,1,0
6983,2025-07-10 02:25:24.081022,2025-07-10 02:25:29.777662,0.09,0,1,1,1,0
6984,2025-07-10 02:26:30.689726,2025-07-10 02:26:36.392038,0.10,0,1,1,1,0
6985,2025-07-10 02:27:37.274003,2025-07-10 02:27:42.988746,0.10,0,1,1,1,0
6986,2025-07-10 02:28:43.872011,2025-07-10 02:28:49.597747,0.10,0,1,1,1,0
6987,2025-07-10 02:29:50.489282,2025-07-10 02:29:56.174976,0.09,0,1,1,1,0
6988,2025-07-10 02:30:57.071310,2025-07-10 02:31:02.786241,0.10,0,1,1,1,0
6989,2025-07-10 02:32:03.677796,2025-07-10 02:32:09.551991,0.10,0,1,1,1,0
6990,2025-07-10 02:33:10.435267,2025-07-10 02:33:16.247643,0.10,0,1,1,1,0
6991,2025-07-10 02:34:17.133265,2025-07-10 02:34:22.867931,0.10,0,1,1,1,0
6992,2025-07-10 02:35:23.753492,2025-07-10 02:35:29.522959,0.10,0,1,1,1,0
6993,2025-07-10 02:36:30.439873,2025-07-10 02:36:36.265276,0.10,0,1,1,1,0
6994,2025-07-10 02:37:37.160083,2025-07-10 02:37:42.896948,0.10,0,1,1,1,0
6995,2025-07-10 02:38:43.772097,2025-07-10 02:38:49.517642,0.10,0,1,1,1,0
6996,2025-07-10 02:39:50.416457,2025-07-10 02:39:56.391930,0.10,0,1,1,1,0
6997,2025-07-10 02:40:57.282652,2025-07-10 02:41:02.951780,0.09,0,1,1,1,0
6998,2025-07-10 02:42:03.840519,2025-07-10 02:42:09.594123,0.10,0,1,1,1,0
6999,2025-07-10 02:43:10.476171,2025-07-10 02:43:16.224806,0.10,0,1,1,1,0
7000,2025-07-10 02:44:17.129431,2025-07-10 02:44:22.891357,0.10,0,1,1,1,0
7001,2025-07-10 02:45:23.796996,2025-07-10 02:45:29.502692,0.10,0,1,1,1,0
7002,2025-07-10 02:46:30.393728,2025-07-10 02:46:36.158748,0.10,0,1,1,1,0
7003,2025-07-10 02:47:37.042281,2025-07-10 02:47:42.799547,0.10,0,1,1,1,0
7004,2025-07-10 02:48:43.689452,2025-07-10 02:48:49.440389,0.10,0,1,1,1,0
7005,2025-07-10 02:49:50.334334,2025-07-10 02:49:56.084440,0.10,0,1,1,1,0
7006,2025-07-10 02:50:56.975574,2025-07-10 02:51:02.804523,0.10,0,1,1,1,0
7007,2025-07-10 02:52:03.690111,2025-07-10 02:52:09.486028,0.10,0,1,1,1,0
7008,2025-07-10 02:53:10.379701,2025-07-10 02:53:16.145969,0.10,0,1,1,1,0
7009,2025-07-10 02:54:17.059452,2025-07-10 02:54:22.903969,0.10,0,1,1,1,0
7010,2025-07-10 02:55:24.067856,2025-07-10 02:55:29.866983,0.10,0,1,1,1,0
7011,2025-07-10 02:56:30.762856,2025-07-10 02:56:36.485119,0.10,0,1,1,1,0
7012,2025-07-10 02:57:37.365978,2025-07-10 02:57:43.129167,0.10,0,1,1,1,0
7013,2025-07-10 02:58:44.027514,2025-07-10 02:58:49.738855,0.10,0,1,1,1,0
7014,2025-07-10 02:59:50.631166,2025-07-10 02:59:56.359749,0.10,0,1,1,1,0
7015,2025-07-10 03:00:57.252735,2025-07-10 03:01:03.048121,0.10,0,1,1,1,0
7016,2025-07-10 03:02:03.947647,2025-07-10 03:02:09.667361,0.10,0,1,1,1,0
7017,2025-07-10 03:03:10.562011,2025-07-10 03:03:16.477552,0.10,0,1,1,1,0
7018,2025-07-10 03:04:17.374768,2025-07-10 03:04:23.067928,0.09,0,1,1,1,0
7019,2025-07-10 03:05:23.969673,2025-07-10 03:05:29.727875,0.10,0,1,1,1,0
7020,2025-07-10 03:06:30.621115,2025-07-10 03:06:36.556665,0.10,0,1,1,1,0
7021,2025-07-10 03:07:37.491297,2025-07-10 03:07:43.378106,0.10,0,1,1,1,0
7022,2025-07-10 03:08:44.265481,2025-07-10 03:08:50.090504,0.10,0,1,1,1,0
7023,2025-07-10 03:09:50.981727,2025-07-10 03:09:56.764287,0.10,0,1,1,1,0
7024,2025-07-10 03:10:57.650331,2025-07-10 03:11:03.365732,0.10,0,1,1,1,0
7025,2025-07-10 03:12:04.258463,2025-07-10 03:12:10.054874,0.10,0,1,1,1,0
7026,2025-07-10 03:13:10.963379,2025-07-10 03:13:16.724803,0.10,0,1,1,1,0
7027,2025-07-10 03:14:17.610778,2025-07-10 03:14:23.355157,0.10,0,1,1,1,0
7028,2025-07-10 03:15:24.241456,2025-07-10 03:15:29.929498,0.09,0,1,1,1,0
7029,2025-07-10 03:16:30.825800,2025-07-10 03:16:36.590991,0.10,0,1,1,1,0
7030,2025-07-10 03:17:37.473844,2025-07-10 03:17:43.187711,0.10,0,1,1,1,0
7031,2025-07-10 03:18:44.081220,2025-07-10 03:18:49.871036,0.10,0,1,1,1,0
7032,2025-07-10 03:19:50.782171,2025-07-10 03:19:56.533384,0.10,0,1,1,1,0
7033,2025-07-10 03:20:57.430961,2025-07-10 03:21:03.166588,0.10,0,1,1,1,0
7034,2025-07-10 03:22:04.059290,2025-07-10 03:22:09.848069,0.10,0,1,1,1,0
7035,2025-07-10 03:23:10.749146,2025-07-10 03:23:16.508341,0.10,0,1,1,1,0
7036,2025-07-10 03:24:17.403069,2025-07-10 03:24:23.111015,0.10,0,1,1,1,0
7037,2025-07-10 03:25:24.001149,2025-07-10 03:25:29.773874,0.10,0,1,1,1,0
7038,2025-07-10 03:26:30.659153,2025-07-10 03:26:36.445183,0.10,0,1,1,1,0
7039,2025-07-10 03:27:37.340482,2025-07-10 03:27:43.163531,0.10,0,1,1,1,0
7040,2025-07-10 03:28:44.305164,2025-07-10 03:28:50.128298,0.10,0,1,1,1,0
7041,2025-07-10 03:29:51.026322,2025-07-10 03:29:56.794772,0.10,0,1,1,1,0
7042,2025-07-10 03:30:57.788669,2025-07-10 03:31:03.579639,0.10,0,1,1,1,0
7043,2025-07-10 03:32:04.471897,2025-07-10 03:32:10.304344,0.10,0,1,1,1,0
7044,2025-07-10 03:33:11.195130,2025-07-10 03:33:16.913021,0.10,0,1,1,1,0
7045,2025-07-10 03:34:17.798454,2025-07-10 03:34:23.633423,0.10,0,1,1,1,0
7046,2025-07-10 03:35:24.518201,2025-07-10 03:35:30.253217,0.10,0,1,1,1,0
7047,2025-07-10 03:36:31.138685,2025-07-10 03:36:36.933770,0.10,0,1,1,1,0
7048,2025-07-10 03:37:37.832125,2025-07-10 03:37:43.900079,0.10,0,1,1,1,0
7049,2025-07-10 03:38:44.794300,2025-07-10 03:38:50.973187,0.10,0,1,1,1,0
7050,2025-07-10 03:39:51.870484,2025-07-10 03:39:57.968558,0.10,0,1,1,1,0
7051,2025-07-10 03:40:58.868880,2025-07-10 03:41:04.949687,0.10,0,1,1,1,0
7052,2025-07-10 03:42:05.846204,2025-07-10 03:42:11.913342,0.10,0,1,1,1,0
7053,2025-07-10 03:43:12.803396,2025-07-10 03:43:18.896080,0.10,0,1,1,1,0
7054,2025-07-10 03:44:19.789976,2025-07-10 03:44:26.652776,0.11,0,1,1,1,0
7055,2025-07-10 03:45:27.539893,2025-07-10 03:45:34.287537,0.11,0,1,1,1,0
7056,2025-07-10 03:46:35.190479,2025-07-10 03:46:42.104702,0.12,0,1,1,1,0
7057,2025-07-10 03:47:43.007800,2025-07-10 03:47:49.797197,0.11,0,1,1,1,0
7058,2025-07-10 03:48:50.694191,2025-07-10 03:48:57.475784,0.11,0,1,1,1,0
7059,2025-07-10 03:49:58.367309,2025-07-10 03:50:05.133166,0.11,0,1,1,1,0
7060,2025-07-10 03:51:06.020889,2025-07-10 03:51:12.790373,0.11,0,1,1,1,0
7061,2025-07-10 03:52:13.682007,2025-07-10 03:52:20.517132,0.11,0,1,1,1,0
7062,2025-07-10 03:53:21.408851,2025-07-10 03:53:28.190585,0.11,0,1,1,1,0
7063,2025-07-10 03:54:29.082288,2025-07-10 03:54:35.783549,0.11,0,1,1,1,0
7064,2025-07-10 03:55:36.675617,2025-07-10 03:55:43.393985,0.11,0,1,1,1,0
7065,2025-07-10 03:56:44.286352,2025-07-10 03:56:51.613075,0.12,0,1,1,1,0
7066,2025-07-10 03:57:52.502792,2025-07-10 03:57:59.346272,0.11,0,1,1,1,0
7067,2025-07-10 03:59:00.247672,2025-07-10 03:59:07.279426,0.12,0,1,1,1,0
7068,2025-07-10 04:00:08.172485,2025-07-10 04:00:15.341566,0.12,0,1,1,1,0
7069,2025-07-10 04:01:16.241393,2025-07-10 04:01:23.416392,0.12,0,1,1,1,0
7070,2025-07-10 04:02:24.308514,2025-07-10 04:02:31.426733,0.12,0,1,1,1,0
7071,2025-07-10 04:03:32.312799,2025-07-10 04:03:39.362056,0.12,0,1,1,1,0
7072,2025-07-10 04:04:40.276439,2025-07-10 04:04:47.529029,0.12,0,1,1,1,0
7073,2025-07-10 04:05:48.425725,2025-07-10 04:05:55.451325,0.12,0,1,1,1,0
7074,2025-07-10 04:06:56.347555,2025-07-10 04:07:03.411769,0.12,0,1,1,1,0
7075,2025-07-10 04:08:04.302746,2025-07-10 04:08:11.344058,0.12,0,1,1,1,0
7076,2025-07-10 04:09:12.242373,2025-07-10 04:09:19.264721,0.12,0,1,1,1,0
7077,2025-07-10 04:10:20.158793,2025-07-10 04:10:27.249491,0.12,0,1,1,1,0
7078,2025-07-10 04:11:28.146407,2025-07-10 04:11:35.286266,0.12,0,1,1,1,0
7079,2025-07-10 04:12:36.224917,2025-07-10 04:12:43.268632,0.12,0,1,1,1,0
7080,2025-07-10 04:13:44.172963,2025-07-10 04:13:51.433783,0.12,0,1,1,1,0
7081,2025-07-10 04:14:52.349934,2025-07-10 04:14:59.919988,0.13,0,1,1,1,0
7082,2025-07-10 04:16:00.815759,2025-07-10 04:16:08.068393,0.12,0,1,1,1,0
7083,2025-07-10 04:17:08.976747,2025-07-10 04:17:16.152697,0.12,0,1,1,1,0
7084,2025-07-10 04:18:17.053636,2025-07-10 04:18:24.080209,0.12,0,1,1,1,0
7085,2025-07-10 04:19:25.028943,2025-07-10 04:19:32.144802,0.12,0,1,1,1,0
7086,2025-07-10 04:20:33.068478,2025-07-10 04:20:40.074710,0.12,0,1,1,1,0
7087,2025-07-10 04:21:40.974982,2025-07-10 04:21:48.089297,0.12,0,1,1,1,0
7088,2025-07-10 04:22:48.985687,2025-07-10 04:22:56.050342,0.12,0,1,1,1,0
7089,2025-07-10 04:23:56.942097,2025-07-10 04:24:03.997633,0.12,0,1,1,1,0
7090,2025-07-10 04:25:04.899356,2025-07-10 04:25:11.987454,0.12,0,1,1,1,0
7091,2025-07-10 04:26:12.889131,2025-07-10 04:26:20.009569,0.12,0,1,1,1,0
7092,2025-07-10 04:27:20.908541,2025-07-10 04:27:28.122356,0.12,0,1,1,1,0
7093,2025-07-10 04:28:29.130275,2025-07-10 04:28:36.261198,0.12,0,1,1,1,0
7094,2025-07-10 04:29:37.155210,2025-07-10 04:29:44.171361,0.12,0,1,1,1,0
7095,2025-07-10 04:30:45.056836,2025-07-10 04:30:52.238562,0.12,0,1,1,1,0
7096,2025-07-10 04:31:53.202651,2025-07-10 04:32:00.361703,0.12,0,1,1,1,0
7097,2025-07-10 04:33:01.406929,2025-07-10 04:33:08.518434,0.12,0,1,1,1,0
7098,2025-07-10 04:34:09.410511,2025-07-10 04:34:16.855106,0.12,0,1,1,1,0
7099,2025-07-10 04:35:17.741379,2025-07-10 04:35:25.271286,0.13,0,1,1,1,0
7100,2025-07-10 04:36:26.155410,2025-07-10 04:36:33.719521,0.13,0,1,1,1,0
7101,2025-07-10 04:37:34.606322,2025-07-10 04:37:42.224516,0.13,0,1,1,1,0
7102,2025-07-10 04:38:43.117959,2025-07-10 04:38:51.074438,0.13,0,1,1,1,0
7103,2025-07-10 04:39:51.976859,2025-07-10 04:39:59.464664,0.12,0,1,1,1,0
7104,2025-07-10 04:41:00.438403,2025-07-10 04:41:08.303749,0.13,0,1,1,1,0
7105,2025-07-10 04:42:09.225129,2025-07-10 04:42:16.824807,0.13,0,1,1,1,0
7106,2025-07-10 04:43:17.735870,2025-07-10 04:43:25.395394,0.13,0,1,1,1,0
7107,2025-07-10 04:44:26.282368,2025-07-10 04:44:33.902226,0.13,0,1,1,1,0
7108,2025-07-10 04:45:34.836162,2025-07-10 04:45:42.440735,0.13,0,1,1,1,0
7109,2025-07-10 04:46:43.333583,2025-07-10 04:46:51.144387,0.13,0,1,1,1,0
7110,2025-07-10 04:47:52.041920,2025-07-10 04:48:00.143977,0.14,0,1,1,1,0
7111,2025-07-10 04:49:01.093450,2025-07-10 04:49:09.192308,0.13,0,1,1,1,0
7112,2025-07-10 04:50:10.144946,2025-07-10 04:50:18.217028,0.13,0,1,1,1,0
7113,2025-07-10 04:51:19.115419,2025-07-10 04:51:27.190866,0.13,0,1,1,1,0
7114,2025-07-10 04:52:28.081347,2025-07-10 04:52:36.287041,0.14,0,1,1,1,0
7115,2025-07-10 04:53:37.197528,2025-07-10 04:53:45.453067,0.14,0,1,1,1,0
7116,2025-07-10 04:54:46.346997,2025-07-10 04:54:54.641330,0.14,0,1,1,1,0
7117,2025-07-10 04:55:55.558017,2025-07-10 04:56:04.002519,0.14,0,1,1,1,0
7118,2025-07-10 04:57:04.895529,2025-07-10 04:57:13.222290,0.14,0,1,1,1,0
7119,2025-07-10 04:58:14.113728,2025-07-10 04:58:22.492268,0.14,0,1,1,1,0
7120,2025-07-10 04:59:23.378000,2025-07-10 04:59:31.820259,0.14,0,1,1,1,0
7121,2025-07-10 05:00:32.712336,2025-07-10 05:00:41.203000,0.14,0,1,1,1,0
7122,2025-07-10 05:01:42.098179,2025-07-10 05:01:50.626737,0.14,0,1,1,1,0
7123,2025-07-10 05:02:51.538092,2025-07-10 05:03:00.009514,0.14,0,1,1,1,0
7124,2025-07-10 05:04:00.905249,2025-07-10 05:04:09.458025,0.14,0,1,1,1,0
7125,2025-07-10 05:05:10.355761,2025-07-10 05:05:18.892718,0.14,0,1,1,1,0
7126,2025-07-10 05:06:19.799523,2025-07-10 05:06:28.508573,0.15,0,1,1,1,0
7127,2025-07-10 05:07:29.448059,2025-07-10 05:07:37.880060,0.14,0,1,1,1,0
7128,2025-07-10 05:08:38.767861,2025-07-10 05:08:47.258909,0.14,0,1,1,1,0
7129,2025-07-10 05:09:48.145425,2025-07-10 05:09:56.817526,0.14,0,1,1,1,0
7130,2025-07-10 05:10:57.704153,2025-07-10 05:11:07.188513,0.16,0,1,1,1,0
7131,2025-07-10 05:12:08.071838,2025-07-10 05:12:17.526780,0.16,0,1,1,1,0
7132,2025-07-10 05:13:18.407101,2025-07-10 05:13:27.965711,0.16,0,1,1,1,0
7133,2025-07-10 05:14:28.884396,2025-07-10 05:14:38.529119,0.16,0,1,1,1,0
7134,2025-07-10 05:15:39.430732,2025-07-10 05:15:48.909439,0.16,0,1,1,1,0
7135,2025-07-10 05:16:49.805673,2025-07-10 05:16:59.405731,0.16,0,1,1,1,0
7136,2025-07-10 05:18:00.300008,2025-07-10 05:18:09.878488,0.16,0,1,1,1,0
7137,2025-07-10 05:19:10.765710,2025-07-10 05:19:20.253909,0.16,0,1,1,1,0
7138,2025-07-10 05:20:21.144099,2025-07-10 05:20:30.761999,0.16,0,1,1,1,0
7139,2025-07-10 05:21:31.652045,2025-07-10 05:21:41.184462,0.16,0,1,1,1,0
7140,2025-07-10 05:22:42.081638,2025-07-10 05:22:51.721459,0.16,0,1,1,1,0
7141,2025-07-10 05:23:52.615364,2025-07-10 05:24:02.550958,0.17,0,1,1,1,0
7142,2025-07-10 05:25:03.440238,2025-07-10 05:25:13.322137,0.16,0,1,1,1,0
7143,2025-07-10 05:26:14.359917,2025-07-10 05:26:24.204938,0.16,0,1,1,1,0
7144,2025-07-10 05:27:25.092132,2025-07-10 05:27:34.917344,0.16,0,1,1,1,0
7145,2025-07-10 05:28:35.807667,2025-07-10 05:28:45.812297,0.17,0,1,1,1,0
7146,2025-07-10 05:29:46.708678,2025-07-10 05:29:56.521709,0.16,0,1,1,1,0
7147,2025-07-10 05:30:57.422596,2025-07-10 05:31:07.282799,0.16,0,1,1,1,0
7148,2025-07-10 05:32:08.175272,2025-07-10 05:32:18.159517,0.17,0,1,1,1,0
7149,2025-07-10 05:33:19.053931,2025-07-10 05:33:29.114773,0.17,0,1,1,1,0
7150,2025-07-10 05:34:29.998885,2025-07-10 05:34:39.970917,0.17,0,1,1,1,0
7151,2025-07-10 05:35:40.856332,2025-07-10 05:35:50.860573,0.17,0,1,1,1,0
7152,2025-07-10 05:36:51.790547,2025-07-10 05:37:01.806260,0.17,0,1,1,1,0
7153,2025-07-10 05:38:02.697739,2025-07-10 05:38:12.646789,0.17,0,1,1,1,0
7154,2025-07-10 05:39:13.535751,2025-07-10 05:39:23.645276,0.17,0,1,1,1,0
7155,2025-07-10 05:40:24.533883,2025-07-10 05:40:34.475392,0.17,0,1,1,1,0
7156,2025-07-10 05:41:35.369576,2025-07-10 05:41:45.447017,0.17,0,1,1,1,0
7157,2025-07-10 05:42:46.378195,2025-07-10 05:42:56.416252,0.17,0,1,1,1,0
7158,2025-07-10 05:43:57.302439,2025-07-10 05:44:07.377159,0.17,0,1,1,1,0
7159,2025-07-10 05:45:08.338134,2025-07-10 05:45:18.336988,0.17,0,1,1,1,0
7160,2025-07-10 05:46:19.217722,2025-07-10 05:46:29.475938,0.17,0,1,1,1,0
7161,2025-07-10 05:47:30.369003,2025-07-10 05:47:40.636844,0.17,0,1,1,1,0
7162,2025-07-10 05:48:41.540598,2025-07-10 05:48:51.826597,0.17,0,1,1,1,0
7163,2025-07-10 05:49:52.744074,2025-07-10 05:50:02.979773,0.17,0,1,1,1,0
7164,2025-07-10 05:51:03.871250,2025-07-10 05:51:14.285805,0.17,0,1,1,1,0
7165,2025-07-10 05:52:15.176247,2025-07-10 05:52:25.376022,0.17,0,1,1,1,0
7166,2025-07-10 05:53:26.264005,2025-07-10 05:53:36.517725,0.17,0,1,1,1,0
7167,2025-07-10 05:54:37.417836,2025-07-10 05:54:47.765255,0.17,0,1,1,1,0
7168,2025-07-10 05:55:48.658354,2025-07-10 05:55:58.950496,0.17,0,1,1,1,0
7169,2025-07-10 05:56:59.841932,2025-07-10 05:57:10.121976,0.17,0,1,1,1,0
7170,2025-07-10 05:58:11.091063,2025-07-10 05:58:21.417990,0.17,0,1,1,1,0
7171,2025-07-10 05:59:22.312269,2025-07-10 05:59:32.804651,0.17,0,1,1,1,0
7172,2025-07-10 06:00:33.842962,2025-07-10 06:00:44.232893,0.17,0,1,1,1,0
7173,2025-07-10 06:01:45.209850,2025-07-10 06:01:55.436354,0.17,0,1,1,1,0
7174,2025-07-10 06:02:56.329070,2025-07-10 06:03:06.675374,0.17,0,1,1,1,0
7175,2025-07-10 06:04:07.562103,2025-07-10 06:04:17.983849,0.17,0,1,1,1,0
7176,2025-07-10 06:05:18.873626,2025-07-10 06:05:29.090908,0.17,0,1,1,1,0
7177,2025-07-10 06:06:29.990283,2025-07-10 06:06:40.251436,0.17,0,1,1,1,0
7178,2025-07-10 06:07:41.171304,2025-07-10 06:07:51.520416,0.17,0,1,1,1,0
7179,2025-07-10 06:08:52.411008,2025-07-10 06:09:02.975343,0.18,0,1,1,1,0
7180,2025-07-10 06:10:03.861839,2025-07-10 06:10:14.205780,0.17,0,1,1,1,0
7181,2025-07-10 06:11:15.096500,2025-07-10 06:11:25.579935,0.17,0,1,1,1,0
7182,2025-07-10 06:12:26.469428,2025-07-10 06:12:36.958899,0.17,0,1,1,1,0
7183,2025-07-10 06:13:37.847850,2025-07-10 06:13:48.394510,0.18,0,1,1,1,0
7184,2025-07-10 06:14:49.294557,2025-07-10 06:14:59.930276,0.18,0,1,1,1,0
7185,2025-07-10 06:16:00.843487,2025-07-10 06:16:11.218174,0.17,0,1,1,1,0
7186,2025-07-10 06:17:12.111783,2025-07-10 06:17:22.724329,0.18,0,1,1,1,0
7187,2025-07-10 06:18:23.622625,2025-07-10 06:18:34.134389,0.18,0,1,1,1,0
7188,2025-07-10 06:19:35.016124,2025-07-10 06:19:45.470006,0.17,0,1,1,1,0
7189,2025-07-10 06:20:46.362274,2025-07-10 06:20:56.936425,0.18,0,1,1,1,0
7190,2025-07-10 06:21:57.836488,2025-07-10 06:22:08.872564,0.18,0,1,1,1,0
7191,2025-07-10 06:23:09.761687,2025-07-10 06:23:20.712432,0.18,0,1,1,1,0
7192,2025-07-10 06:24:21.610736,2025-07-10 06:24:32.688233,0.18,0,1,1,1,0
7193,2025-07-10 06:25:33.583770,2025-07-10 06:25:44.654068,0.18,0,1,1,1,0
7194,2025-07-10 06:26:45.548456,2025-07-10 06:26:56.494240,0.18,0,1,1,1,0
7195,2025-07-10 06:27:57.385571,2025-07-10 06:28:08.362015,0.18,0,1,1,1,0
7196,2025-07-10 06:29:09.276394,2025-07-10 06:29:20.224448,0.18,0,1,1,1,0
7197,2025-07-10 06:30:21.115099,2025-07-10 06:30:32.008575,0.18,0,1,1,1,0
7198,2025-07-10 06:31:32.902986,2025-07-10 06:31:43.977658,0.18,0,1,1,1,0
7199,2025-07-10 06:32:44.857413,2025-07-10 06:32:55.768461,0.18,0,1,1,1,0
7200,2025-07-10 06:33:56.657737,2025-07-10 06:34:07.781228,0.19,0,1,1,1,0
7201,2025-07-10 06:35:08.677209,2025-07-10 06:35:19.818395,0.19,0,1,1,1,0
7202,2025-07-10 06:36:20.709664,2025-07-10 06:36:31.863949,0.19,0,1,1,1,0
7203,2025-07-10 06:37:32.912156,2025-07-10 06:37:44.085330,0.19,0,1,1,1,0
7204,2025-07-10 06:38:44.972338,2025-07-10 06:38:56.236734,0.19,0,1,1,1,0
7205,2025-07-10 06:39:57.124742,2025-07-10 06:40:08.303119,0.19,0,1,1,1,0
7206,2025-07-10 06:41:09.215316,2025-07-10 06:41:20.651356,0.19,0,1,1,1,0
7207,2025-07-10 06:42:21.546619,2025-07-10 06:42:32.665180,0.19,0,1,1,1,0
7208,2025-07-10 06:43:33.557483,2025-07-10 06:43:44.622852,0.18,0,1,1,1,0
7209,2025-07-10 06:44:45.523104,2025-07-10 06:44:56.778553,0.19,0,1,1,1,0
7210,2025-07-10 06:45:57.703513,2025-07-10 06:46:09.093373,0.19,0,1,1,1,0
7211,2025-07-10 06:47:09.973012,2025-07-10 06:47:21.213681,0.19,0,1,1,1,0
7212,2025-07-10 06:48:22.127485,2025-07-10 06:48:33.241650,0.19,0,1,1,1,0
7213,2025-07-10 06:49:34.125973,2025-07-10 06:49:45.429881,0.19,0,1,1,1,0
7214,2025-07-10 06:50:46.324658,2025-07-10 06:50:57.419280,0.18,0,1,1,1,0
7215,2025-07-10 06:51:58.311099,2025-07-10 06:52:09.539443,0.19,0,1,1,1,0
7216,2025-07-10 06:53:10.429693,2025-07-10 06:53:21.581543,0.19,0,1,1,1,0
7217,2025-07-10 06:54:22.465870,2025-07-10 06:54:33.521234,0.18,0,1,1,1,0
7218,2025-07-10 06:55:34.419473,2025-07-10 06:55:45.483638,0.18,0,1,1,1,0
7219,2025-07-10 06:56:46.372409,2025-07-10 06:56:57.689201,0.19,0,1,1,1,0
7220,2025-07-10 06:57:58.588088,2025-07-10 06:58:10.148902,0.19,0,1,1,1,0
7221,2025-07-10 06:59:11.045793,2025-07-10 06:59:22.339383,0.19,0,1,1,1,0
7222,2025-07-10 07:00:23.234724,2025-07-10 07:00:34.637178,0.19,0,1,1,1,0
7223,2025-07-10 07:01:35.539089,2025-07-10 07:01:46.844746,0.19,0,1,1,1,0
7224,2025-07-10 07:02:47.733104,2025-07-10 07:02:58.981045,0.19,0,1,1,1,0
7225,2025-07-10 07:03:59.871396,2025-07-10 07:04:11.184794,0.19,0,1,1,1,0
7226,2025-07-10 07:05:12.110862,2025-07-10 07:05:23.362914,0.19,0,1,1,1,0
7227,2025-07-10 07:06:24.248436,2025-07-10 07:06:35.712159,0.19,0,1,1,1,0
7228,2025-07-10 07:07:36.608201,2025-07-10 07:07:48.130345,0.19,0,1,1,1,0
7229,2025-07-10 07:08:49.022076,2025-07-10 07:09:00.528305,0.19,0,1,1,1,0
7230,2025-07-10 07:10:01.458029,2025-07-10 07:10:12.654883,0.19,0,1,1,1,0
7231,2025-07-10 07:11:13.547133,2025-07-10 07:11:25.603374,0.20,0,1,1,1,0
7232,2025-07-10 07:12:26.490177,2025-07-10 07:12:38.419035,0.20,0,1,1,1,0
7233,2025-07-10 07:13:39.312251,2025-07-10 07:13:51.351067,0.20,0,1,1,1,0
7234,2025-07-10 07:14:52.650256,2025-07-10 07:15:04.984774,0.21,0,1,1,1,0
7235,2025-07-10 07:16:05.908886,2025-07-10 07:16:17.932334,0.20,0,1,1,1,0
7236,2025-07-10 07:17:18.824960,2025-07-10 07:17:31.036610,0.20,0,1,1,1,0
7237,2025-07-10 07:18:31.924391,2025-07-10 07:18:43.982369,0.20,0,1,1,1,0
7238,2025-07-10 07:19:44.913456,2025-07-10 07:19:56.905748,0.20,0,1,1,1,0
7239,2025-07-10 07:20:57.855336,2025-07-10 07:21:09.966652,0.20,0,1,1,1,0
7240,2025-07-10 07:22:10.852909,2025-07-10 07:22:22.771513,0.20,0,1,1,1,0
7241,2025-07-10 07:23:23.663422,2025-07-10 07:23:35.805349,0.20,0,1,1,1,0
7242,2025-07-10 07:24:36.691946,2025-07-10 07:24:48.801926,0.20,0,1,1,1,0
7243,2025-07-10 07:25:49.742536,2025-07-10 07:26:01.755741,0.20,0,1,1,1,0
7244,2025-07-10 07:27:02.658941,2025-07-10 07:27:14.755436,0.20,0,1,1,1,0
7245,2025-07-10 07:28:15.645287,2025-07-10 07:28:27.897367,0.20,0,1,1,1,0
7246,2025-07-10 07:29:29.039508,2025-07-10 07:29:41.411910,0.21,0,1,1,1,0
7247,2025-07-10 07:30:42.319040,2025-07-10 07:30:54.355893,0.20,0,1,1,1,0
7248,2025-07-10 07:31:55.273491,2025-07-10 07:32:07.349042,0.20,0,1,1,1,0
7249,2025-07-10 07:33:08.246284,2025-07-10 07:33:20.879107,0.21,0,1,1,1,0
7250,2025-07-10 07:34:21.776518,2025-07-10 07:34:34.356693,0.21,0,1,1,1,0
7251,2025-07-10 07:35:35.253168,2025-07-10 07:35:47.944027,0.21,0,1,1,1,0
7252,2025-07-10 07:36:48.879499,2025-07-10 07:37:01.702936,0.21,0,1,1,1,0
7253,2025-07-10 07:38:02.603891,2025-07-10 07:38:15.251340,0.21,0,1,1,1,0
7254,2025-07-10 07:39:16.139968,2025-07-10 07:39:28.697355,0.21,0,1,1,1,0
7255,2025-07-10 07:40:29.594335,2025-07-10 07:40:42.248584,0.21,0,1,1,1,0
7256,2025-07-10 07:41:43.142952,2025-07-10 07:41:55.838137,0.21,0,1,1,1,0
7257,2025-07-10 07:42:56.750082,2025-07-10 07:43:09.532333,0.21,0,1,1,1,0
7258,2025-07-10 07:44:10.522403,2025-07-10 07:44:23.092419,0.21,0,1,1,1,0
7259,2025-07-10 07:45:23.981096,2025-07-10 07:45:36.500532,0.21,0,1,1,1,0
7260,2025-07-10 07:46:37.416977,2025-07-10 07:46:50.625391,0.22,0,1,1,1,0
7261,2025-07-10 07:47:51.523545,2025-07-10 07:48:04.397185,0.21,0,1,1,1,0
7262,2025-07-10 07:49:05.465577,2025-07-10 07:49:18.496255,0.22,0,1,1,1,0
7263,2025-07-10 07:50:19.404758,2025-07-10 07:50:32.333867,0.22,0,1,1,1,0
7264,2025-07-10 07:51:33.243004,2025-07-10 07:51:46.105125,0.21,0,1,1,1,0
7265,2025-07-10 07:52:46.997990,2025-07-10 07:52:59.969976,0.22,0,1,1,1,0
7266,2025-07-10 07:54:00.885791,2025-07-10 07:54:13.952524,0.22,0,1,1,1,0
7267,2025-07-10 07:55:14.862148,2025-07-10 07:55:27.875852,0.22,0,1,1,1,0
7268,2025-07-10 07:56:28.768434,2025-07-10 07:56:42.016624,0.22,0,1,1,1,0
7269,2025-07-10 07:57:42.915567,2025-07-10 07:57:56.175376,0.22,0,1,1,1,0
7270,2025-07-10 07:58:57.078902,2025-07-10 07:59:10.374530,0.22,0,1,1,1,0
7271,2025-07-10 08:00:11.271360,2025-07-10 08:00:24.436217,0.22,0,1,1,1,0
7272,2025-07-10 08:01:25.343153,2025-07-10 08:01:38.824881,0.22,0,1,1,1,0
7273,2025-07-10 08:02:39.723287,2025-07-10 08:02:52.799107,0.22,0,1,1,1,0
7274,2025-07-10 08:03:53.704259,2025-07-10 08:04:07.076751,0.22,0,1,1,1,0
7275,2025-07-10 08:05:07.994208,2025-07-10 08:05:22.008905,0.23,0,1,1,1,0
7276,2025-07-10 08:06:22.907797,2025-07-10 08:06:35.967564,0.22,0,1,1,1,0
7277,2025-07-10 08:07:36.865462,2025-07-10 08:07:50.352500,0.22,0,1,1,1,0
7278,2025-07-10 08:08:51.655648,2025-07-10 08:09:05.142912,0.22,0,1,1,1,0
7279,2025-07-10 08:10:06.042054,2025-07-10 08:10:19.587739,0.23,0,1,1,1,0
7280,2025-07-10 08:11:20.490586,2025-07-10 08:11:33.878984,0.22,0,1,1,1,0
7281,2025-07-10 08:12:34.769504,2025-07-10 08:12:48.137401,0.22,0,1,1,1,0
7282,2025-07-10 08:13:49.035982,2025-07-10 08:14:02.775007,0.23,0,1,1,1,0
7283,2025-07-10 08:15:03.670267,2025-07-10 08:15:17.856657,0.24,0,1,1,1,0
7284,2025-07-10 08:16:18.760526,2025-07-10 08:16:32.646494,0.23,0,1,1,1,0
7285,2025-07-10 08:17:33.908443,2025-07-10 08:17:47.393338,0.22,0,1,1,1,0
7286,2025-07-10 08:18:48.291367,2025-07-10 08:19:01.744441,0.22,0,1,1,1,0
7287,2025-07-10 08:20:02.648219,2025-07-10 08:20:16.064958,0.22,0,1,1,1,0
7288,2025-07-10 08:21:16.960704,2025-07-10 08:21:30.411743,0.22,0,1,1,1,0
7289,2025-07-10 08:22:31.304513,2025-07-10 08:22:44.844897,0.23,0,1,1,1,0
7290,2025-07-10 08:23:45.736387,2025-07-10 08:23:59.250073,0.23,0,1,1,1,0
7291,2025-07-10 08:25:00.153895,2025-07-10 08:25:13.876685,0.23,0,1,1,1,0
7292,2025-07-10 08:26:14.782360,2025-07-10 08:26:28.347079,0.23,0,1,1,1,0
7293,2025-07-10 08:27:29.242442,2025-07-10 08:27:42.968191,0.23,0,1,1,1,0
7294,2025-07-10 08:28:43.862409,2025-07-10 08:28:57.321470,0.22,0,1,1,1,0
7295,2025-07-10 08:29:58.207338,2025-07-10 08:30:12.664942,0.24,0,1,1,1,0
7296,2025-07-10 08:31:13.567554,2025-07-10 08:31:27.598882,0.23,0,1,1,1,0
7297,2025-07-10 08:32:28.497898,2025-07-10 08:32:42.574844,0.23,0,1,1,1,0
7298,2025-07-10 08:33:43.469388,2025-07-10 08:33:57.581774,0.24,0,1,1,1,0
7299,2025-07-10 08:34:58.489748,2025-07-10 08:35:12.922320,0.24,0,1,1,1,0
7300,2025-07-10 08:36:13.821017,2025-07-10 08:36:28.565666,0.25,0,1,1,1,0
7301,2025-07-10 08:37:29.460379,2025-07-10 08:37:43.531279,0.23,0,1,1,1,0
7302,2025-07-10 08:38:44.431416,2025-07-10 08:38:58.630608,0.24,0,1,1,1,0
7303,2025-07-10 08:39:59.544097,2025-07-10 08:40:13.862106,0.24,0,1,1,1,0
7304,2025-07-10 08:41:14.764215,2025-07-10 08:41:29.162675,0.24,0,1,1,1,0
7305,2025-07-10 08:42:30.061948,2025-07-10 08:42:44.219299,0.24,0,1,1,1,0
7306,2025-07-10 08:43:45.127719,2025-07-10 08:43:59.536155,0.24,0,1,1,1,0
7307,2025-07-10 08:45:00.442964,2025-07-10 08:45:14.942887,0.24,0,1,1,1,0
7308,2025-07-10 08:46:15.844168,2025-07-10 08:46:30.285233,0.24,0,1,1,1,0
7309,2025-07-10 08:47:31.178969,2025-07-10 08:47:45.842351,0.24,0,1,1,1,0
7310,2025-07-10 08:48:46.859982,2025-07-10 08:49:01.886587,0.25,0,1,1,1,0
7311,2025-07-10 08:50:02.797840,2025-07-10 08:50:20.300023,0.29,0,1,1,1,0
7312,2025-07-10 08:51:21.201664,2025-07-10 08:51:36.001985,0.25,0,1,1,1,0
7313,2025-07-10 08:52:36.903743,2025-07-10 08:52:51.367345,0.24,0,1,1,1,0
7314,2025-07-10 08:53:52.259739,2025-07-10 08:54:06.691760,0.24,0,1,1,1,0
7315,2025-07-10 08:55:07.585766,2025-07-10 08:55:22.106304,0.24,0,1,1,1,0
7316,2025-07-10 08:56:23.029951,2025-07-10 08:56:37.661249,0.24,0,1,1,1,0
7317,2025-07-10 08:57:38.562645,2025-07-10 08:57:53.033547,0.24,0,1,1,1,0
7318,2025-07-10 08:58:53.942449,2025-07-10 08:59:08.605304,0.24,0,1,1,1,0
7319,2025-07-10 09:00:09.500420,2025-07-10 09:00:23.818165,0.24,0,1,1,1,0
7320,2025-07-10 09:01:24.727453,2025-07-10 09:01:39.204268,0.24,0,1,1,1,0
7321,2025-07-10 09:02:40.101523,2025-07-10 09:02:54.612370,0.24,0,1,1,1,0
7322,2025-07-10 09:03:55.517445,2025-07-10 09:04:10.090370,0.24,0,1,1,1,0
7323,2025-07-10 09:05:10.984576,2025-07-10 09:05:25.462074,0.24,0,1,1,1,0
7324,2025-07-10 09:06:26.358644,2025-07-10 09:06:40.891114,0.24,0,1,1,1,0
7325,2025-07-10 09:07:41.793935,2025-07-10 09:07:56.667146,0.25,0,1,1,1,0
7326,2025-07-10 09:08:57.561141,2025-07-10 09:09:12.108942,0.24,0,1,1,1,0
7327,2025-07-10 09:10:13.012198,2025-07-10 09:10:27.496931,0.24,0,1,1,1,0
7328,2025-07-10 09:11:28.414575,2025-07-10 09:11:42.904212,0.24,0,1,1,1,0
7329,2025-07-10 09:12:43.804466,2025-07-10 09:12:58.381566,0.24,0,1,1,1,0
7330,2025-07-10 09:13:59.277790,2025-07-10 09:14:13.917656,0.24,0,1,1,1,0
7331,2025-07-10 09:15:14.809506,2025-07-10 09:15:29.213776,0.24,0,1,1,1,0
7332,2025-07-10 09:16:30.255968,2025-07-10 09:16:44.707071,0.24,0,1,1,1,0
7333,2025-07-10 09:17:45.617642,2025-07-10 09:18:00.154863,0.24,0,1,1,1,0
7334,2025-07-10 09:19:01.058383,2025-07-10 09:19:16.076172,0.25,0,1,1,1,0
7335,2025-07-10 09:20:16.982451,2025-07-10 09:20:31.770917,0.25,0,1,1,1,0
7336,2025-07-10 09:21:32.687841,2025-07-10 09:21:47.395060,0.25,0,1,1,1,0
7337,2025-07-10 09:22:48.304310,2025-07-10 09:23:03.095304,0.25,0,1,1,1,0
7338,2025-07-10 09:24:04.002417,2025-07-10 09:24:18.570521,0.24,0,1,1,1,0
7339,2025-07-10 09:25:19.495854,2025-07-10 09:25:34.137438,0.24,0,1,1,1,0
7340,2025-07-10 09:26:35.032117,2025-07-10 09:26:49.754973,0.25,0,1,1,1,0
7341,2025-07-10 09:27:50.663296,2025-07-10 09:28:05.428391,0.25,0,1,1,1,0
7342,2025-07-10 09:29:06.326139,2025-07-10 09:29:20.902014,0.24,0,1,1,1,0
7343,2025-07-10 09:30:21.804205,2025-07-10 09:30:36.517172,0.25,0,1,1,1,0
7344,2025-07-10 09:31:37.422340,2025-07-10 09:31:52.130394,0.25,0,1,1,1,0
7345,2025-07-10 09:32:53.076567,2025-07-10 09:33:08.097903,0.25,0,1,1,1,0
7346,2025-07-10 09:34:09.025448,2025-07-10 09:34:23.784939,0.25,0,1,1,1,0
7347,2025-07-10 09:35:24.697039,2025-07-10 09:35:39.284839,0.24,0,1,1,1,0
7348,2025-07-10 09:36:40.177422,2025-07-10 09:36:54.835378,0.24,0,1,1,1,0
7349,2025-07-10 09:37:55.747934,2025-07-10 09:38:10.368970,0.24,0,1,1,1,0
7350,2025-07-10 09:39:11.273319,2025-07-10 09:39:26.410506,0.25,0,1,1,1,0
7351,2025-07-10 09:40:27.303977,2025-07-10 09:40:42.119956,0.25,0,1,1,1,0
7352,2025-07-10 09:41:43.025781,2025-07-10 09:41:57.934985,0.25,0,1,1,1,0
7353,2025-07-10 09:42:59.004541,2025-07-10 09:43:14.160013,0.25,0,1,1,1,0
7354,2025-07-10 09:44:15.065177,2025-07-10 09:44:30.206164,0.25,0,1,1,1,0
7355,2025-07-10 09:45:31.102880,2025-07-10 09:45:46.486167,0.26,0,1,1,1,0
7356,2025-07-10 09:46:47.414781,2025-07-10 09:47:02.574044,0.25,0,1,1,1,0
7357,2025-07-10 09:48:03.470606,2025-07-10 09:48:18.504605,0.25,0,1,1,1,0
7358,2025-07-10 09:49:19.408776,2025-07-10 09:49:34.487051,0.25,0,1,1,1,0
7359,2025-07-10 09:50:35.403625,2025-07-10 09:50:50.609795,0.25,0,1,1,1,0
7360,2025-07-10 09:51:51.507407,2025-07-10 09:52:06.529432,0.25,0,1,1,1,0
7361,2025-07-10 09:53:07.419526,2025-07-10 09:53:22.522637,0.25,0,1,1,1,0
7362,2025-07-10 09:54:23.455202,2025-07-10 09:54:38.548729,0.25,0,1,1,1,0
7363,2025-07-10 09:55:39.447965,2025-07-10 09:55:54.967376,0.26,0,1,1,1,0
7364,2025-07-10 09:56:55.883136,2025-07-10 09:57:11.181491,0.25,0,1,1,1,0
7365,2025-07-10 09:58:12.094296,2025-07-10 09:58:27.342617,0.25,0,1,1,1,0
7366,2025-07-10 09:59:28.273989,2025-07-10 09:59:43.561599,0.25,0,1,1,1,0
7367,2025-07-10 10:00:44.473390,2025-07-10 10:01:00.000157,0.26,0,1,1,1,0
7368,2025-07-10 10:02:01.388583,2025-07-10 10:02:16.769571,0.26,0,1,1,1,0
7369,2025-07-10 10:03:17.664552,2025-07-10 10:03:32.875314,0.25,0,1,1,1,0
7370,2025-07-10 10:04:33.765802,2025-07-10 10:04:49.029933,0.25,0,1,1,1,0
7371,2025-07-10 10:05:49.948248,2025-07-10 10:06:05.228946,0.25,0,1,1,1,0
7372,2025-07-10 10:07:06.126911,2025-07-10 10:07:21.580180,0.26,0,1,1,1,0
7373,2025-07-10 10:08:22.474530,2025-07-10 10:08:38.099249,0.26,0,1,1,1,0
7374,2025-07-10 10:09:38.994610,2025-07-10 10:09:54.608384,0.26,0,1,1,1,0
7375,2025-07-10 10:10:55.514650,2025-07-10 10:11:11.646593,0.27,0,1,1,1,0
7376,2025-07-10 10:12:12.555969,2025-07-10 10:12:28.148773,0.26,0,1,1,1,0
7377,2025-07-10 10:13:29.051216,2025-07-10 10:13:44.507033,0.26,0,1,1,1,0
7378,2025-07-10 10:14:45.469382,2025-07-10 10:15:01.254673,0.26,0,1,1,1,0
7379,2025-07-10 10:16:02.156165,2025-07-10 10:16:18.061235,0.27,0,1,1,1,0
7380,2025-07-10 10:17:19.026113,2025-07-10 10:17:35.157124,0.27,0,1,1,1,0
7381,2025-07-10 10:18:36.077407,2025-07-10 10:18:52.535717,0.27,0,1,1,1,0
7382,2025-07-10 10:19:53.647980,2025-07-10 10:20:09.807688,0.27,0,1,1,1,0
7383,2025-07-10 10:21:10.865648,2025-07-10 10:21:27.209509,0.27,0,1,1,1,0
7384,2025-07-10 10:22:28.119048,2025-07-10 10:22:45.150380,0.28,0,1,1,1,0
7385,2025-07-10 10:23:46.071450,2025-07-10 10:24:02.039264,0.27,0,1,1,1,0
7386,2025-07-10 10:25:02.965167,2025-07-10 10:25:18.987189,0.27,0,1,1,1,0
7387,2025-07-10 10:26:20.097446,2025-07-10 10:26:36.014000,0.27,0,1,1,1,0
7388,2025-07-10 10:27:36.916419,2025-07-10 10:27:52.854800,0.27,0,1,1,1,0
7389,2025-07-10 10:28:53.782475,2025-07-10 10:29:18.030092,0.40,0,1,1,1,0
7390,2025-07-10 10:30:18.947026,2025-07-10 10:30:35.840517,0.28,0,1,1,1,0
7391,2025-07-10 10:31:36.762407,2025-07-10 10:31:53.528273,0.28,0,1,1,1,0
7392,2025-07-10 10:32:54.451906,2025-07-10 10:33:23.973305,0.49,0,1,1,1,0
7393,2025-07-10 10:34:24.982027,2025-07-10 10:34:41.754070,0.28,0,1,1,1,0
7394,2025-07-10 10:35:42.665421,2025-07-10 10:36:12.838489,0.50,0,1,1,1,0
7395,2025-07-10 10:37:13.773412,2025-07-10 10:37:30.997046,0.29,0,1,1,1,0
7396,2025-07-10 10:38:31.912070,2025-07-10 10:38:49.938438,0.30,0,1,1,1,0
7397,2025-07-10 10:39:50.855747,2025-07-10 10:40:08.740627,0.30,0,1,1,1,0
7398,2025-07-10 10:41:09.673170,2025-07-10 10:41:27.031338,0.29,0,1,1,1,0
7399,2025-07-10 10:42:27.941670,2025-07-10 10:42:45.681506,0.30,0,1,1,1,0
7400,2025-07-10 10:43:46.591094,2025-07-10 10:44:04.754165,0.30,0,1,1,1,0
7401,2025-07-10 10:45:05.681852,2025-07-10 10:45:23.254042,0.29,0,1,1,1,0
7402,2025-07-10 10:46:24.162571,2025-07-10 10:46:41.704699,0.29,0,1,1,1,0
7403,2025-07-10 10:47:42.624597,2025-07-10 10:48:00.776210,0.30,0,1,1,1,0
7404,2025-07-10 10:49:01.706333,2025-07-10 10:49:19.131631,0.29,0,1,1,1,0
7405,2025-07-10 10:50:20.049314,2025-07-10 10:50:37.503437,0.29,0,1,1,1,0
7406,2025-07-10 10:51:38.411800,2025-07-10 10:51:56.032603,0.29,0,1,1,1,0
7407,2025-07-10 10:52:56.945136,2025-07-10 10:53:14.391474,0.29,0,1,1,1,0
7408,2025-07-10 10:54:15.306586,2025-07-10 10:54:32.766185,0.29,0,1,1,1,0
7409,2025-07-10 10:55:33.666847,2025-07-10 10:55:51.448619,0.30,0,1,1,1,0
7410,2025-07-10 10:56:52.351209,2025-07-10 10:57:09.728131,0.29,0,1,1,1,0
7411,2025-07-10 10:58:10.627953,2025-07-10 10:58:28.141558,0.29,0,1,1,1,0
7412,2025-07-10 10:59:29.037235,2025-07-10 10:59:46.657065,0.29,0,1,1,1,0
7413,2025-07-10 11:00:47.558945,2025-07-10 11:01:05.118851,0.29,0,1,1,1,0
7414,2025-07-10 11:02:06.025572,2025-07-10 11:02:23.438555,0.29,0,1,1,1,0
7415,2025-07-10 11:03:24.345941,2025-07-10 11:03:42.086492,0.30,0,1,1,1,0
7416,2025-07-10 11:04:42.980021,2025-07-10 11:05:00.451269,0.29,0,1,1,1,0
7417,2025-07-10 11:06:01.368416,2025-07-10 11:06:18.998720,0.29,0,1,1,1,0
7418,2025-07-10 11:07:19.906587,2025-07-10 11:07:37.533938,0.29,0,1,1,1,0
7419,2025-07-10 11:08:38.440450,2025-07-10 11:08:55.929142,0.29,0,1,1,1,0
7420,2025-07-10 11:09:56.862898,2025-07-10 11:10:14.452405,0.29,0,1,1,1,0
7421,2025-07-10 11:11:15.381880,2025-07-10 11:11:33.801868,0.31,0,1,1,1,0
7422,2025-07-10 11:12:34.711923,2025-07-10 11:12:52.479148,0.30,0,1,1,1,0
7423,2025-07-10 11:13:53.417534,2025-07-10 11:14:11.827764,0.31,0,1,1,1,0
7424,2025-07-10 11:15:12.751357,2025-07-10 11:15:30.601695,0.30,0,1,1,1,0
7425,2025-07-10 11:16:31.513235,2025-07-10 11:16:49.897634,0.31,0,1,1,1,0
7426,2025-07-10 11:17:50.812694,2025-07-10 11:18:08.771059,0.30,0,1,1,1,0
7427,2025-07-10 11:19:09.669293,2025-07-10 11:19:27.497794,0.30,0,1,1,1,0
7428,2025-07-10 11:20:28.395261,2025-07-10 11:20:46.442664,0.30,0,1,1,1,0
7429,2025-07-10 11:21:47.368429,2025-07-10 11:22:05.444499,0.30,0,1,1,1,0
7430,2025-07-10 11:23:06.352948,2025-07-10 11:23:24.541562,0.30,0,1,1,1,0
7431,2025-07-10 11:24:25.562577,2025-07-10 11:24:43.721244,0.30,0,1,1,1,0
7432,2025-07-10 11:25:44.630665,2025-07-10 11:26:03.200480,0.31,0,1,1,1,0
7433,2025-07-10 11:27:04.139269,2025-07-10 11:27:22.993515,0.31,0,1,1,1,0
7434,2025-07-10 11:28:23.917427,2025-07-10 11:28:42.711533,0.31,0,1,1,1,0
7435,2025-07-10 11:29:43.637083,2025-07-10 11:30:37.266350,0.89,0,1,1,1,0
7436,2025-07-10 11:31:38.198177,2025-07-10 11:31:56.951893,0.31,0,1,1,1,0
7437,2025-07-10 11:32:57.863398,2025-07-10 11:33:17.350944,0.32,0,1,1,1,0
7438,2025-07-10 11:34:18.259371,2025-07-10 11:34:36.923246,0.31,0,1,1,1,0
7439,2025-07-10 11:35:37.832716,2025-07-10 11:35:56.258251,0.31,0,1,1,1,0
7440,2025-07-10 11:36:57.290914,2025-07-10 11:37:15.915692,0.31,0,1,1,1,0
7441,2025-07-10 11:38:16.811156,2025-07-10 11:38:35.314962,0.31,0,1,1,1,0
7442,2025-07-10 11:39:36.205700,2025-07-10 11:39:54.796180,0.31,0,1,1,1,0
7443,2025-07-10 11:40:55.689640,2025-07-10 11:41:14.116919,0.31,0,1,1,1,0
7444,2025-07-10 11:42:15.010282,2025-07-10 11:42:33.533583,0.31,0,1,1,1,0
7445,2025-07-10 11:43:34.431590,2025-07-10 11:43:53.109214,0.31,0,1,1,1,0
7446,2025-07-10 11:44:54.004509,2025-07-10 11:45:12.669939,0.31,0,1,1,1,0
7447,2025-07-10 11:46:13.578109,2025-07-10 11:46:32.128323,0.31,0,1,1,1,0
7448,2025-07-10 11:47:33.033972,2025-07-10 11:47:52.135015,0.32,0,1,1,1,0
7449,2025-07-10 11:48:53.084932,2025-07-10 11:49:12.258977,0.32,0,1,1,1,0
7450,2025-07-10 11:50:13.190950,2025-07-10 11:50:32.131182,0.32,0,1,1,1,0
7451,2025-07-10 11:51:33.047284,2025-07-10 11:51:51.923022,0.31,0,1,1,1,0
7452,2025-07-10 11:52:52.822424,2025-07-10 11:53:11.942794,0.32,0,1,1,1,0
7453,2025-07-10 11:54:12.844565,2025-07-10 11:54:31.712572,0.31,0,1,1,1,0
7454,2025-07-10 11:55:32.631698,2025-07-10 11:55:51.549213,0.32,0,1,1,1,0
7455,2025-07-10 11:56:52.449910,2025-07-10 11:57:12.752211,0.34,0,1,1,1,0
7456,2025-07-10 11:58:13.661263,2025-07-10 11:58:32.560530,0.31,0,1,1,1,0
7457,2025-07-10 11:59:33.468748,2025-07-10 11:59:53.253205,0.33,0,1,1,1,0
7458,2025-07-10 12:00:54.144434,2025-07-10 12:01:13.789720,0.33,0,1,1,1,0
7459,2025-07-10 12:02:14.693177,2025-07-10 12:02:34.376984,0.33,0,1,1,1,0
7460,2025-07-10 12:03:35.316561,2025-07-10 12:03:56.709625,0.36,0,1,1,1,0
7461,2025-07-10 12:04:57.607354,2025-07-10 12:05:18.016450,0.34,0,1,1,1,0
7462,2025-07-10 12:06:18.910972,2025-07-10 12:06:39.392048,0.34,0,1,1,1,0
7463,2025-07-10 12:07:40.313433,2025-07-10 12:08:01.026774,0.35,0,1,1,1,0
7464,2025-07-10 12:09:01.950067,2025-07-10 12:09:22.747747,0.35,0,1,1,1,0
7465,2025-07-10 12:10:23.653101,2025-07-10 12:10:44.500351,0.35,0,1,1,1,0
7466,2025-07-10 12:11:45.400155,2025-07-10 12:12:06.489417,0.35,0,1,1,1,0
7467,2025-07-10 12:13:07.395111,2025-07-10 12:13:28.223488,0.35,0,1,1,1,0
7468,2025-07-10 12:14:29.121296,2025-07-10 12:14:50.112262,0.35,0,1,1,1,0
7469,2025-07-10 12:15:51.018684,2025-07-10 12:16:12.167278,0.35,0,1,1,1,0
7470,2025-07-10 12:17:13.064680,2025-07-10 12:17:34.208539,0.35,0,1,1,1,0
7471,2025-07-10 12:18:35.118952,2025-07-10 12:18:56.622319,0.36,0,1,1,1,0
7472,2025-07-10 12:19:57.531281,2025-07-10 12:20:18.570473,0.35,0,1,1,1,0
7473,2025-07-10 12:21:19.488143,2025-07-10 12:21:40.564047,0.35,0,1,1,1,0
7474,2025-07-10 12:22:41.534560,2025-07-10 12:23:02.384849,0.35,0,1,1,1,0
7475,2025-07-10 12:24:03.299146,2025-07-10 12:24:24.359677,0.35,0,1,1,1,0
7476,2025-07-10 12:25:25.259773,2025-07-10 12:25:46.754655,0.36,0,1,1,1,0
7477,2025-07-10 12:26:47.688095,2025-07-10 12:27:08.954836,0.35,0,1,1,1,0
7478,2025-07-10 12:28:09.887807,2025-07-10 12:28:31.530113,0.36,0,1,1,1,0
7479,2025-07-10 12:29:32.430735,2025-07-10 12:29:54.879647,0.37,0,1,1,1,0
7480,2025-07-10 12:30:55.800768,2025-07-10 12:31:17.359043,0.36,0,1,1,1,0
7481,2025-07-10 12:32:18.273273,2025-07-10 12:32:40.078154,0.36,0,1,1,1,0
7482,2025-07-10 12:33:40.999608,2025-07-10 12:34:02.212931,0.35,0,1,1,1,0
7483,2025-07-10 12:35:03.123388,2025-07-10 12:35:24.726033,0.36,0,1,1,1,0
7484,2025-07-10 12:36:25.647120,2025-07-10 12:36:47.267717,0.36,0,1,1,1,0
7485,2025-07-10 12:37:48.172468,2025-07-10 12:38:09.691720,0.36,0,1,1,1,0
7486,2025-07-10 12:39:10.614494,2025-07-10 12:39:32.598778,0.37,0,1,1,1,0
7487,2025-07-10 12:40:33.497884,2025-07-10 12:40:55.419032,0.37,0,1,1,1,0
7488,2025-07-10 12:41:56.320247,2025-07-10 12:42:18.304686,0.37,0,1,1,1,0
7489,2025-07-10 12:43:19.227028,2025-07-10 12:43:41.216322,0.37,0,1,1,1,0
7490,2025-07-10 12:44:42.124293,2025-07-10 12:45:03.911895,0.36,0,1,1,1,0
7491,2025-07-10 12:46:04.826048,2025-07-10 12:46:27.065248,0.37,0,1,1,1,0
7492,2025-07-10 12:47:27.963993,2025-07-10 12:47:50.605299,0.38,0,1,1,1,0
7493,2025-07-10 12:48:51.513551,2025-07-10 12:49:13.755090,0.37,0,1,1,1,0
7494,2025-07-10 12:50:14.673145,2025-07-10 12:50:36.997497,0.37,0,1,1,1,0
7495,2025-07-10 12:51:37.954561,2025-07-10 12:52:00.197219,0.37,0,1,1,1,0
7496,2025-07-10 12:53:01.102752,2025-07-10 12:53:23.928775,0.38,0,1,1,1,0
7497,2025-07-10 12:54:24.826262,2025-07-10 12:54:47.613991,0.38,0,1,1,1,0
7498,2025-07-10 12:55:48.524688,2025-07-10 12:56:11.603147,0.38,0,1,1,1,0
7499,2025-07-10 12:57:12.538708,2025-07-10 12:57:35.541565,0.38,0,1,1,1,0
7500,2025-07-10 12:58:36.443356,2025-07-10 12:59:00.275499,0.40,0,1,1,1,0
7501,2025-07-10 13:00:01.226556,2025-07-10 13:00:25.687514,0.41,0,1,1,1,0
7502,2025-07-10 13:01:26.611727,2025-07-10 13:01:50.961532,0.41,0,1,1,1,0
7503,2025-07-10 13:02:51.867832,2025-07-10 13:03:18.263419,0.44,0,1,1,1,0
7504,2025-07-10 13:04:19.175493,2025-07-10 13:04:43.178189,0.40,0,1,1,1,0
7505,2025-07-10 13:05:44.078580,2025-07-10 13:06:07.794650,0.40,0,1,1,1,0
7506,2025-07-10 13:07:08.697040,2025-07-10 13:07:32.093442,0.39,0,1,1,1,0
7507,2025-07-10 13:08:33.096426,2025-07-10 13:08:56.952781,0.40,0,1,1,1,0
7508,2025-07-10 13:09:57.848889,2025-07-10 13:10:21.316772,0.39,0,1,1,1,0
7509,2025-07-10 13:11:22.225988,2025-07-10 13:11:45.873469,0.39,0,1,1,1,0
7510,2025-07-10 13:12:46.774896,2025-07-10 13:13:10.364494,0.39,0,1,1,1,0
7511,2025-07-10 13:14:11.274377,2025-07-10 13:14:34.812572,0.39,0,1,1,1,0
7512,2025-07-10 13:15:35.717832,2025-07-10 13:15:59.299749,0.39,0,1,1,1,0
7513,2025-07-10 13:17:00.204973,2025-07-10 13:17:23.902591,0.39,0,1,1,1,0
7514,2025-07-10 13:18:24.807545,2025-07-10 13:18:48.784240,0.40,0,1,1,1,0
7515,2025-07-10 13:19:49.691941,2025-07-10 13:20:13.524217,0.40,0,1,1,1,0
7516,2025-07-10 13:21:14.423072,2025-07-10 13:21:38.302207,0.40,0,1,1,1,0
7517,2025-07-10 13:22:39.207912,2025-07-10 13:23:03.086306,0.40,0,1,1,1,0
7518,2025-07-10 13:24:03.994773,2025-07-10 13:24:29.011507,0.42,0,1,1,1,0
7519,2025-07-10 13:25:29.913898,2025-07-10 13:25:53.726217,0.40,0,1,1,1,0
7520,2025-07-10 13:26:54.657079,2025-07-10 13:27:18.546963,0.40,0,1,1,1,0
7521,2025-07-10 13:28:19.454193,2025-07-10 13:28:43.419444,0.40,0,1,1,1,0
7522,2025-07-10 13:29:44.469251,2025-07-10 13:30:08.515721,0.40,0,1,1,1,0
7523,2025-07-10 13:31:09.434873,2025-07-10 13:31:33.262933,0.40,0,1,1,1,0
7524,2025-07-10 13:32:34.180138,2025-07-10 13:32:58.560965,0.41,0,1,1,1,0
7525,2025-07-10 13:33:59.466153,2025-07-10 13:34:23.809528,0.41,0,1,1,1,0
7526,2025-07-10 13:35:24.768100,2025-07-10 13:35:48.720102,0.40,0,1,1,1,0
7527,2025-07-10 13:36:49.666518,2025-07-10 13:37:14.231492,0.41,0,1,1,1,0
7528,2025-07-10 13:38:15.157880,2025-07-10 13:38:39.431518,0.40,0,1,1,1,0
7529,2025-07-10 13:39:40.341870,2025-07-10 13:40:04.589926,0.40,0,1,1,1,0
7530,2025-07-10 13:41:05.493944,2025-07-10 13:41:29.923623,0.41,0,1,1,1,0
7531,2025-07-10 13:42:30.844049,2025-07-10 13:42:55.316129,0.41,0,1,1,1,0
7532,2025-07-10 13:43:56.220748,2025-07-10 13:44:20.838413,0.41,0,1,1,1,0
7533,2025-07-10 13:45:21.754156,2025-07-10 13:45:46.406325,0.41,0,1,1,1,0
7534,2025-07-10 13:46:47.305772,2025-07-10 13:47:11.986218,0.41,0,1,1,1,0
7535,2025-07-10 13:48:12.885502,2025-07-10 13:48:38.787095,0.43,0,1,1,1,0
7536,2025-07-10 13:49:39.692337,2025-07-10 13:50:04.399351,0.41,0,1,1,1,0
7537,2025-07-10 13:51:05.306572,2025-07-10 13:51:30.323794,0.42,0,1,1,1,0
7538,2025-07-10 13:52:31.379308,2025-07-10 13:52:56.194212,0.41,0,1,1,1,0
7539,2025-07-10 13:53:57.098132,2025-07-10 13:54:21.989278,0.41,0,1,1,1,0
7540,2025-07-10 13:55:22.882965,2025-07-10 13:55:47.548320,0.41,0,1,1,1,0
7541,2025-07-10 13:56:48.459868,2025-07-10 13:57:13.392797,0.42,0,1,1,1,0
7542,2025-07-10 13:58:14.306235,2025-07-10 13:58:40.872547,0.44,0,1,1,1,0
7543,2025-07-10 13:59:41.789750,2025-07-10 14:00:07.368085,0.43,0,1,1,1,0
7544,2025-07-10 14:01:08.562393,2025-07-10 14:01:33.903228,0.42,0,1,1,1,0
7545,2025-07-10 14:02:34.812933,2025-07-10 14:03:00.808787,0.43,0,1,1,1,0
7546,2025-07-10 14:04:01.755621,2025-07-10 14:04:26.919283,0.42,0,1,1,1,0
7547,2025-07-10 14:05:27.821436,2025-07-10 14:05:53.217577,0.42,0,1,1,1,0
7548,2025-07-10 14:06:54.155940,2025-07-10 14:07:19.878357,0.43,0,1,1,1,0
7549,2025-07-10 14:08:20.789173,2025-07-10 14:08:46.149178,0.42,0,1,1,1,0
7550,2025-07-10 14:09:47.103207,2025-07-10 14:10:12.323696,0.42,0,1,1,1,0
7551,2025-07-10 14:11:13.217406,2025-07-10 14:11:38.296182,0.42,0,1,1,1,0
7552,2025-07-10 14:12:39.226466,2025-07-10 14:13:04.697656,0.42,0,1,1,1,0
7553,2025-07-10 14:14:05.607894,2025-07-10 14:14:30.922087,0.42,0,1,1,1,0
7554,2025-07-10 14:15:31.821797,2025-07-10 14:15:57.698358,0.43,0,1,1,1,0
7555,2025-07-10 14:16:58.607798,2025-07-10 14:17:24.241495,0.43,0,1,1,1,0
7556,2025-07-10 14:18:25.149796,2025-07-10 14:18:50.766596,0.43,0,1,1,1,0
7557,2025-07-10 14:19:51.706849,2025-07-10 14:20:18.055267,0.44,0,1,1,1,0
7558,2025-07-10 14:21:19.017174,2025-07-10 14:21:45.269903,0.44,0,1,1,1,0
7559,2025-07-10 14:22:46.176136,2025-07-10 14:23:12.836022,0.44,0,1,1,1,0
7560,2025-07-10 14:24:13.750500,2025-07-10 14:24:39.822900,0.43,0,1,1,1,0
7561,2025-07-10 14:25:40.722872,2025-07-10 14:26:07.075221,0.44,0,1,1,1,0
7562,2025-07-10 14:27:07.992421,2025-07-10 14:27:34.907093,0.45,0,1,1,1,0
7563,2025-07-10 14:28:35.808361,2025-07-10 14:29:02.463724,0.44,0,1,1,1,0
7564,2025-07-10 14:30:03.377298,2025-07-10 14:30:29.967008,0.44,0,1,1,1,0
7565,2025-07-10 14:31:30.877026,2025-07-10 14:31:57.428464,0.44,0,1,1,1,0
7566,2025-07-10 14:32:58.336954,2025-07-10 14:33:24.941675,0.44,0,1,1,1,0
7567,2025-07-10 14:34:25.841702,2025-07-10 14:34:52.606344,0.45,0,1,1,1,0
7568,2025-07-10 14:35:53.536966,2025-07-10 14:36:20.004371,0.44,0,1,1,1,0
7569,2025-07-10 14:37:20.988975,2025-07-10 14:37:47.724451,0.45,0,1,1,1,0
7570,2025-07-10 14:38:48.643562,2025-07-10 14:39:15.262903,0.44,0,1,1,1,0
7571,2025-07-10 14:40:16.237890,2025-07-10 14:40:42.646050,0.44,0,1,1,1,0
7572,2025-07-10 14:41:43.553308,2025-07-10 14:42:10.095698,0.44,0,1,1,1,0
7573,2025-07-10 14:43:11.001366,2025-07-10 14:43:37.252683,0.44,0,1,1,1,0
7574,2025-07-10 14:44:38.169259,2025-07-10 14:45:04.985907,0.45,0,1,1,1,0
7575,2025-07-10 14:46:05.899406,2025-07-10 14:46:32.521288,0.44,0,1,1,1,0
7576,2025-07-10 14:47:33.434707,2025-07-10 14:48:00.436112,0.45,0,1,1,1,0
7577,2025-07-10 14:49:01.350669,2025-07-10 14:49:29.414195,0.47,0,1,1,1,0
7578,2025-07-10 14:50:30.323488,2025-07-10 14:50:58.529773,0.47,0,1,1,1,0
7579,2025-07-10 14:51:59.442731,2025-07-10 14:52:27.949262,0.48,0,1,1,1,0
7580,2025-07-10 14:53:28.916123,2025-07-10 14:53:57.386205,0.47,0,1,1,1,0
7581,2025-07-10 14:54:58.291539,2025-07-10 14:55:26.635274,0.47,0,1,1,1,0
7582,2025-07-10 14:56:27.554595,2025-07-10 14:56:56.176776,0.48,0,1,1,1,0
7583,2025-07-10 14:57:57.075538,2025-07-10 14:58:25.760388,0.48,0,1,1,1,0
7584,2025-07-10 14:59:26.660276,2025-07-10 14:59:55.471060,0.48,0,1,1,1,0
7585,2025-07-10 15:00:56.390427,2025-07-10 15:01:24.713796,0.47,0,1,1,1,0
7586,2025-07-10 15:02:25.621197,2025-07-10 15:02:54.953785,0.49,0,1,1,1,0
7587,2025-07-10 15:03:55.892417,2025-07-10 15:04:25.270080,0.49,0,1,1,1,0
7588,2025-07-10 15:05:26.172295,2025-07-10 15:05:55.548272,0.49,0,1,1,1,0
7589,2025-07-10 15:06:56.448115,2025-07-10 15:07:26.194650,0.50,0,1,1,1,0
7590,2025-07-10 15:08:27.110489,2025-07-10 15:08:56.814088,0.50,0,1,1,1,0
7591,2025-07-10 15:09:57.726561,2025-07-10 15:10:27.244457,0.49,0,1,1,1,0
7592,2025-07-10 15:11:28.152181,2025-07-10 15:11:57.769843,0.49,0,1,1,1,0
7593,2025-07-10 15:12:58.674334,2025-07-10 15:13:27.914474,0.49,0,1,1,1,0
7594,2025-07-10 15:14:28.827375,2025-07-10 15:14:58.096190,0.49,0,1,1,1,0
7595,2025-07-10 15:15:59.004130,2025-07-10 15:16:28.123410,0.49,0,1,1,1,0
7596,2025-07-10 15:17:29.071304,2025-07-10 15:17:58.833420,0.50,0,1,1,1,0
7597,2025-07-10 15:18:59.741585,2025-07-10 15:19:29.132376,0.49,0,1,1,1,0
7598,2025-07-10 15:20:30.042433,2025-07-10 15:20:59.881914,0.50,0,1,1,1,0
7599,2025-07-10 15:22:00.792499,2025-07-10 15:22:30.324992,0.49,0,1,1,1,0
7600,2025-07-10 15:23:31.224015,2025-07-10 15:24:08.291723,0.62,0,1,1,1,0
7601,2025-07-10 15:25:09.213776,2025-07-10 15:25:39.632017,0.51,0,1,1,1,0
7602,2025-07-10 15:26:40.578201,2025-07-10 15:27:11.086274,0.51,0,1,1,1,0
7603,2025-07-10 15:28:12.009054,2025-07-10 15:28:42.062443,0.50,0,1,1,1,0
7604,2025-07-10 15:29:43.060435,2025-07-10 15:30:13.098213,0.50,0,1,1,1,0
7605,2025-07-10 15:31:14.007728,2025-07-10 15:31:44.351795,0.51,0,1,1,1,0
7606,2025-07-10 15:32:45.988339,2025-07-10 15:33:16.811591,0.51,0,1,1,1,0
7607,2025-07-10 15:34:17.726903,2025-07-10 15:34:47.962066,0.50,0,1,1,1,0
7608,2025-07-10 15:35:48.877673,2025-07-10 15:36:19.021968,0.50,0,1,1,1,0
7609,2025-07-10 15:37:19.930937,2025-07-10 15:37:51.717226,0.53,0,1,1,1,0
7610,2025-07-10 15:38:52.618905,2025-07-10 15:39:23.262913,0.51,0,1,1,1,0
7611,2025-07-10 15:40:24.177106,2025-07-10 15:40:58.138086,0.57,0,1,1,1,0
7612,2025-07-10 15:42:01.778874,2025-07-10 15:42:34.505700,0.55,0,1,1,1,0
7613,2025-07-10 15:43:35.590806,2025-07-10 15:44:05.917244,0.51,0,1,1,1,0
7614,2025-07-10 15:45:06.832014,2025-07-10 15:45:37.379404,0.51,0,1,1,1,0
7615,2025-07-10 15:46:38.313343,2025-07-10 15:47:09.360267,0.52,0,1,1,1,0
7616,2025-07-10 15:48:10.274135,2025-07-10 15:48:40.733378,0.51,0,1,1,1,0
7617,2025-07-10 15:49:41.656182,2025-07-10 15:50:13.061398,0.52,0,1,1,1,0
7618,2025-07-10 15:51:13.977502,2025-07-10 15:51:44.619249,0.51,0,1,1,1,0
7619,2025-07-10 15:52:45.536742,2025-07-10 15:53:15.953271,0.51,0,1,1,1,0
7620,2025-07-10 15:54:16.851615,2025-07-10 15:54:47.331680,0.51,0,1,1,1,0
7621,2025-07-10 15:55:48.738784,2025-07-10 15:56:19.196603,0.51,0,1,1,1,0
7622,2025-07-10 15:57:20.107212,2025-07-10 15:57:50.848420,0.51,0,1,1,1,0
7623,2025-07-10 15:58:51.928653,2025-07-10 15:59:22.733764,0.51,0,1,1,1,0
7624,2025-07-10 16:00:23.708632,2025-07-10 16:00:54.739633,0.52,0,1,1,1,0
7625,2025-07-10 16:01:55.729495,2025-07-10 16:02:26.412316,0.51,0,1,1,1,0
7626,2025-07-10 16:03:27.323493,2025-07-10 16:03:58.884263,0.53,0,1,1,1,0
7627,2025-07-10 16:04:59.858294,2025-07-10 16:05:30.187150,0.51,0,1,1,1,0
7628,2025-07-10 16:06:31.088187,2025-07-10 16:07:01.468487,0.51,0,1,1,1,0
7629,2025-07-10 16:08:02.395896,2025-07-10 16:08:33.238057,0.51,0,1,1,1,0
7630,2025-07-10 16:09:34.152364,2025-07-10 16:10:04.507100,0.51,0,1,1,1,0
7631,2025-07-10 16:11:05.410569,2025-07-10 16:11:36.066953,0.51,0,1,1,1,0
7632,2025-07-10 16:12:36.990467,2025-07-10 16:13:07.502611,0.51,0,1,1,1,0
7633,2025-07-10 16:14:08.406643,2025-07-10 16:14:39.504453,0.52,0,1,1,1,0
7634,2025-07-10 16:15:40.458352,2025-07-10 16:16:11.500009,0.52,0,1,1,1,0
7635,2025-07-10 16:17:12.402676,2025-07-10 16:17:43.284108,0.51,0,1,1,1,0
7636,2025-07-10 16:18:44.240158,2025-07-10 16:19:15.481273,0.52,0,1,1,1,0
7637,2025-07-10 16:20:16.395983,2025-07-10 16:20:47.237473,0.51,0,1,1,1,0
7638,2025-07-10 16:21:48.238127,2025-07-10 16:22:20.847680,0.54,0,1,1,1,0
7639,2025-07-10 16:23:21.981722,2025-07-10 16:23:52.795495,0.51,0,1,1,1,0
7640,2025-07-10 16:24:53.707938,2025-07-10 16:25:24.931487,0.52,0,1,1,1,0
7641,2025-07-10 16:26:25.897061,2025-07-10 16:26:58.197409,0.54,0,1,1,1,0
7642,2025-07-10 16:27:59.104858,2025-07-10 16:28:29.725630,0.51,0,1,1,1,0
7643,2025-07-10 16:29:30.636511,2025-07-10 16:30:01.142893,0.51,0,1,1,1,0
7644,2025-07-10 16:31:02.051071,2025-07-10 16:31:32.836735,0.51,0,1,1,1,0
7645,2025-07-10 16:32:33.740178,2025-07-10 16:33:04.411985,0.51,0,1,1,1,0
7646,2025-07-10 16:34:05.333903,2025-07-10 16:34:36.110332,0.51,0,1,1,1,0
7647,2025-07-10 16:35:37.023653,2025-07-10 16:36:07.675393,0.51,0,1,1,1,0
7648,2025-07-10 16:37:08.590734,2025-07-10 16:37:39.271071,0.51,0,1,1,1,0
7649,2025-07-10 16:38:40.195831,2025-07-10 16:39:11.595709,0.52,0,1,1,1,0
7650,2025-07-10 16:40:12.510086,2025-07-10 16:40:43.240093,0.51,0,1,1,1,0
7651,2025-07-10 16:41:44.215418,2025-07-10 16:42:15.006318,0.51,0,1,1,1,0
7652,2025-07-10 16:43:15.919142,2025-07-10 16:43:46.767635,0.51,0,1,1,1,0
7653,2025-07-10 16:44:47.680037,2025-07-10 16:45:18.853315,0.52,0,1,1,1,0
7654,2025-07-10 16:46:19.763566,2025-07-10 16:46:51.123860,0.52,0,1,1,1,0
7655,2025-07-10 16:47:52.041577,2025-07-10 16:48:23.192889,0.52,0,1,1,1,0
7656,2025-07-10 16:49:24.134498,2025-07-10 16:49:55.309759,0.52,0,1,1,1,0
7657,2025-07-10 16:50:56.354902,2025-07-10 16:51:27.553121,0.52,0,1,1,1,0
7658,2025-07-10 16:52:28.475897,2025-07-10 16:52:59.431028,0.52,0,1,1,1,0
7659,2025-07-10 16:54:00.345483,2025-07-10 16:54:31.428259,0.52,0,1,1,1,0
7660,2025-07-10 16:55:32.336699,2025-07-10 16:56:02.904915,0.51,0,1,1,1,0
7661,2025-07-10 16:57:03.811951,2025-07-10 16:57:35.742674,0.53,0,1,1,1,0
7662,2025-07-10 16:58:36.850568,2025-07-10 16:59:08.604501,0.53,0,1,1,1,0
7663,2025-07-10 17:00:09.513136,2025-07-10 17:00:40.732953,0.52,0,1,1,1,0
7664,2025-07-10 17:01:41.668291,2025-07-10 17:02:12.957166,0.52,0,1,1,1,0
7665,2025-07-10 17:03:13.881583,2025-07-10 17:03:45.173405,0.52,0,1,1,1,0
7666,2025-07-10 17:04:46.082644,2025-07-10 17:05:17.583517,0.53,0,1,1,1,0
7667,2025-07-10 17:06:18.596612,2025-07-10 17:06:50.317323,0.53,0,1,1,1,0
7668,2025-07-10 17:07:51.239424,2025-07-10 17:08:22.516983,0.52,0,1,1,1,0
7669,2025-07-10 17:09:23.420843,2025-07-10 17:09:54.895489,0.52,0,1,1,1,0
7670,2025-07-10 17:10:55.812925,2025-07-10 17:11:27.544181,0.53,0,1,1,1,0
7671,2025-07-10 17:12:28.470230,2025-07-10 17:12:59.929379,0.52,0,1,1,1,0
7672,2025-07-10 17:14:00.834608,2025-07-10 17:14:32.215958,0.52,0,1,1,1,0
7673,2025-07-10 17:15:33.143389,2025-07-10 17:16:04.563337,0.52,0,1,1,1,0
7674,2025-07-10 17:17:05.482891,2025-07-10 17:17:37.176854,0.53,0,1,1,1,0
7675,2025-07-10 17:18:38.088615,2025-07-10 17:19:09.805258,0.53,0,1,1,1,0
7676,2025-07-10 17:20:10.730499,2025-07-10 17:20:42.502805,0.53,0,1,1,1,0
7677,2025-07-10 17:21:43.423299,2025-07-10 17:22:15.170941,0.53,0,1,1,1,0
7678,2025-07-10 17:23:16.081562,2025-07-10 17:23:47.741908,0.53,0,1,1,1,0
7679,2025-07-10 17:24:48.771557,2025-07-10 17:25:20.404429,0.53,0,1,1,1,0
7680,2025-07-10 17:26:21.333159,2025-07-10 17:26:53.567403,0.54,0,1,1,1,0
7681,2025-07-10 17:27:54.728917,2025-07-10 17:28:27.574050,0.55,0,1,1,1,0
7682,2025-07-10 17:29:28.498636,2025-07-10 17:30:00.523020,0.53,0,1,1,1,0
7683,2025-07-10 17:31:01.429434,2025-07-10 17:31:33.128305,0.53,0,1,1,1,0
7684,2025-07-10 17:32:34.052252,2025-07-10 17:33:06.552178,0.54,0,1,1,1,0
7685,2025-07-10 17:34:07.492954,2025-07-10 17:34:42.134336,0.58,0,1,1,1,0
7686,2025-07-10 17:35:43.133613,2025-07-10 17:36:18.341499,0.59,0,1,1,1,0
7687,2025-07-10 17:37:19.567388,2025-07-10 17:38:00.141562,0.68,0,1,1,1,0
7688,2025-07-10 17:39:01.140623,2025-07-10 17:39:37.734176,0.61,0,1,1,1,0
7689,2025-07-10 17:40:38.800790,2025-07-10 17:41:14.565678,0.60,0,1,1,1,0
7690,2025-07-10 17:42:15.577911,2025-07-10 17:42:51.098157,0.59,0,1,1,1,0
7691,2025-07-10 17:43:52.258290,2025-07-10 17:44:27.414505,0.59,0,1,1,1,0
7692,2025-07-10 17:45:28.400833,2025-07-10 17:46:03.548468,0.59,0,1,1,1,0
7693,2025-07-10 17:47:04.537909,2025-07-10 17:47:39.883805,0.59,0,1,1,1,0
7694,2025-07-10 17:48:41.249304,2025-07-10 17:49:15.322178,0.57,0,1,1,1,0
7695,2025-07-10 17:50:16.320967,2025-07-10 17:50:52.267209,0.60,0,1,1,1,0
7696,2025-07-10 17:51:53.362806,2025-07-10 17:52:40.429033,0.78,0,1,1,1,0
7697,2025-07-10 17:53:41.387568,2025-07-10 17:54:12.983214,0.53,0,1,1,1,0
7698,2025-07-10 17:55:13.885996,2025-07-10 17:55:45.869696,0.53,0,1,1,1,0
7699,2025-07-10 17:56:46.791847,2025-07-10 17:57:18.337790,0.53,0,1,1,1,0
7700,2025-07-10 17:58:19.246626,2025-07-10 17:58:51.198162,0.53,0,1,1,1,0
7701,2025-07-10 17:59:52.125263,2025-07-10 18:00:23.660254,0.53,0,1,1,1,0
7702,2025-07-10 18:01:24.572038,2025-07-10 18:01:56.415747,0.53,0,1,1,1,0
7703,2025-07-10 18:02:57.316920,2025-07-10 18:03:29.414422,0.53,0,1,1,1,0
7704,2025-07-10 18:04:30.323882,2025-07-10 18:05:02.252996,0.53,0,1,1,1,0
7705,2025-07-10 18:06:03.171211,2025-07-10 18:06:35.080333,0.53,0,1,1,1,0
7706,2025-07-10 18:07:36.002046,2025-07-10 18:08:08.305192,0.54,0,1,1,1,0
7707,2025-07-10 18:09:09.220564,2025-07-10 18:09:41.234619,0.53,0,1,1,1,0
7708,2025-07-10 18:10:42.147387,2025-07-10 18:11:13.926332,0.53,0,1,1,1,0
7709,2025-07-10 18:12:14.835633,2025-07-10 18:12:46.721328,0.53,0,1,1,1,0
7710,2025-07-10 18:13:47.626405,2025-07-10 18:14:19.491120,0.53,0,1,1,1,0
7711,2025-07-10 18:15:20.419692,2025-07-10 18:15:52.228040,0.53,0,1,1,1,0
7712,2025-07-10 18:16:53.140779,2025-07-10 18:17:25.168488,0.53,0,1,1,1,0
7713,2025-07-10 18:18:26.077252,2025-07-10 18:18:58.025258,0.53,0,1,1,1,0
7714,2025-07-10 18:19:58.951254,2025-07-10 18:20:30.743262,0.53,0,1,1,1,0
7715,2025-07-10 18:21:31.694139,2025-07-10 18:22:04.713532,0.55,0,1,1,1,0
7716,2025-07-10 18:23:05.626148,2025-07-10 18:23:38.110492,0.54,0,1,1,1,0
7717,2025-07-10 18:24:39.017649,2025-07-10 18:25:11.477387,0.54,0,1,1,1,0
7718,2025-07-10 18:26:12.379382,2025-07-10 18:26:44.584052,0.54,0,1,1,1,0
7719,2025-07-10 18:27:45.524412,2025-07-10 18:28:18.171053,0.54,0,1,1,1,0
7720,2025-07-10 18:29:19.070310,2025-07-10 18:29:51.188917,0.54,0,1,1,1,0
7721,2025-07-10 18:30:52.093777,2025-07-10 18:31:24.810275,0.55,0,1,1,1,0
7722,2025-07-10 18:32:25.724467,2025-07-10 18:32:57.945664,0.54,0,1,1,1,0
7723,2025-07-10 18:33:58.853685,2025-07-10 18:34:31.543698,0.54,0,1,1,1,0
7724,2025-07-10 18:35:32.464235,2025-07-10 18:36:05.279174,0.55,0,1,1,1,0
7725,2025-07-10 18:37:06.213393,2025-07-10 18:37:39.331551,0.55,0,1,1,1,0
7726,2025-07-10 18:38:40.249278,2025-07-10 18:39:12.599649,0.54,0,1,1,1,0
7727,2025-07-10 18:40:13.514479,2025-07-10 18:40:45.844731,0.54,0,1,1,1,0
7728,2025-07-10 18:41:46.783606,2025-07-10 18:42:19.163581,0.54,0,1,1,1,0
7729,2025-07-10 18:43:20.075983,2025-07-10 18:43:52.735470,0.54,0,1,1,1,0
7730,2025-07-10 18:44:53.653500,2025-07-10 18:45:26.512513,0.55,0,1,1,1,0
7731,2025-07-10 18:46:27.421657,2025-07-10 18:47:00.403944,0.55,0,1,1,1,0
7732,2025-07-10 18:48:01.325638,2025-07-10 18:48:34.014717,0.54,0,1,1,1,0
7733,2025-07-10 18:49:34.922935,2025-07-10 18:50:07.749581,0.55,0,1,1,1,0
7734,2025-07-10 18:51:08.656179,2025-07-10 18:51:41.227012,0.54,0,1,1,1,0
7735,2025-07-10 18:52:42.149491,2025-07-10 18:53:14.897507,0.55,0,1,1,1,0
7736,2025-07-10 18:54:15.798682,2025-07-10 18:54:48.561247,0.55,0,1,1,1,0
7737,2025-07-10 18:55:49.463000,2025-07-10 18:56:22.449997,0.55,0,1,1,1,0
7738,2025-07-10 18:57:23.365967,2025-07-10 18:57:56.403940,0.55,0,1,1,1,0
7739,2025-07-10 18:58:57.312395,2025-07-10 18:59:30.464276,0.55,0,1,1,1,0
7740,2025-07-10 19:00:31.372425,2025-07-10 19:01:03.953804,0.54,0,1,1,1,0
7741,2025-07-10 19:02:04.861435,2025-07-10 19:02:37.713194,0.55,0,1,1,1,0
7742,2025-07-10 19:03:38.623616,2025-07-10 19:04:11.552005,0.55,0,1,1,1,0
7743,2025-07-10 19:05:12.468426,2025-07-10 19:05:45.636065,0.55,0,1,1,1,0
7744,2025-07-10 19:06:46.719653,2025-07-10 19:07:19.558458,0.55,0,1,1,1,0
7745,2025-07-10 19:08:20.463694,2025-07-10 19:08:53.895630,0.56,0,1,1,1,0
7746,2025-07-10 19:09:54.817249,2025-07-10 19:10:27.608669,0.55,0,1,1,1,0
7747,2025-07-10 19:11:28.514315,2025-07-10 19:12:01.856161,0.56,0,1,1,1,0
7748,2025-07-10 19:13:02.761608,2025-07-10 19:13:36.045319,0.55,0,1,1,1,0
7749,2025-07-10 19:14:36.998768,2025-07-10 19:15:10.296962,0.55,0,1,1,1,0
7750,2025-07-10 19:16:11.200373,2025-07-10 19:16:44.360523,0.55,0,1,1,1,0
7751,2025-07-10 19:17:45.275753,2025-07-10 19:18:18.916283,0.56,0,1,1,1,0
7752,2025-07-10 19:19:19.823315,2025-07-10 19:19:53.138553,0.56,0,1,1,1,0
7753,2025-07-10 19:20:54.042539,2025-07-10 19:21:27.124079,0.55,0,1,1,1,0
7754,2025-07-10 19:22:28.028908,2025-07-10 19:23:01.395032,0.56,0,1,1,1,0
7755,2025-07-10 19:24:02.308960,2025-07-10 19:24:35.760578,0.56,0,1,1,1,0
7756,2025-07-10 19:25:36.670733,2025-07-10 19:26:10.308185,0.56,0,1,1,1,0
7757,2025-07-10 19:27:11.217984,2025-07-10 19:27:44.932093,0.56,0,1,1,1,0
7758,2025-07-10 19:28:45.838109,2025-07-10 19:29:19.155665,0.56,0,1,1,1,0
7759,2025-07-10 19:30:20.069610,2025-07-10 19:30:53.938031,0.56,0,1,1,1,0
7760,2025-07-10 19:31:54.891764,2025-07-10 19:32:28.323334,0.56,0,1,1,1,0
7761,2025-07-10 19:33:29.233865,2025-07-10 19:34:03.106069,0.56,0,1,1,1,0
7762,2025-07-10 19:35:04.012786,2025-07-10 19:35:37.319417,0.56,0,1,1,1,0
7763,2025-07-10 19:36:38.226985,2025-07-10 19:37:12.047890,0.56,0,1,1,1,0
7764,2025-07-10 19:38:12.945348,2025-07-10 19:38:46.822971,0.56,0,1,1,1,0
7765,2025-07-10 19:39:47.737545,2025-07-10 19:40:21.353943,0.56,0,1,1,1,0
7766,2025-07-10 19:41:22.262800,2025-07-10 19:41:56.082016,0.56,0,1,1,1,0
7767,2025-07-10 19:42:56.979632,2025-07-10 19:43:30.525054,0.56,0,1,1,1,0
7768,2025-07-10 19:44:31.438907,2025-07-10 19:45:05.064025,0.56,0,1,1,1,0
7769,2025-07-10 19:46:06.051717,2025-07-10 19:46:39.625195,0.56,0,1,1,1,0
7770,2025-07-10 19:47:40.577594,2025-07-10 19:48:14.376938,0.56,0,1,1,1,0
7771,2025-07-10 19:49:15.288007,2025-07-10 19:49:49.123434,0.56,0,1,1,1,0
7772,2025-07-10 19:50:50.034271,2025-07-10 19:51:23.678060,0.56,0,1,1,1,0
7773,2025-07-10 19:52:24.582528,2025-07-10 19:52:58.449778,0.56,0,1,1,1,0
7774,2025-07-10 19:53:59.363224,2025-07-10 19:54:33.239291,0.56,0,1,1,1,0
7775,2025-07-10 19:55:34.153072,2025-07-10 19:56:08.571546,0.57,0,1,1,1,0
7776,2025-07-10 19:57:09.480932,2025-07-10 19:57:43.528103,0.57,0,1,1,1,0
7777,2025-07-10 19:58:44.449701,2025-07-10 19:59:18.759803,0.57,0,1,1,1,0
7778,2025-07-10 20:00:19.672898,2025-07-10 20:00:53.896854,0.57,0,1,1,1,0
7779,2025-07-10 20:01:54.818790,2025-07-10 20:02:29.133758,0.57,0,1,1,1,0
7780,2025-07-10 20:03:30.049338,2025-07-10 20:04:04.376571,0.57,0,1,1,1,0
7781,2025-07-10 20:05:05.285108,2025-07-10 20:05:39.198288,0.57,0,1,1,1,0
7782,2025-07-10 20:06:40.136610,2025-07-10 20:07:14.324055,0.57,0,1,1,1,0
7783,2025-07-10 20:08:15.240725,2025-07-10 20:08:49.632120,0.57,0,1,1,1,0
7784,2025-07-10 20:09:50.582387,2025-07-10 20:10:24.665251,0.57,0,1,1,1,0
7785,2025-07-10 20:11:25.598011,2025-07-10 20:12:00.775364,0.59,0,1,1,1,0
7786,2025-07-10 20:13:01.693025,2025-07-10 20:13:35.999045,0.57,0,1,1,1,0
7787,2025-07-10 20:14:36.917910,2025-07-10 20:15:11.665567,0.58,0,1,1,1,0
7788,2025-07-10 20:16:12.575958,2025-07-10 20:16:47.642212,0.58,0,1,1,1,0
7789,2025-07-10 20:17:48.550391,2025-07-10 20:18:23.059147,0.58,0,1,1,1,0
7790,2025-07-10 20:19:23.971895,2025-07-10 20:19:58.749463,0.58,0,1,1,1,0
7791,2025-07-10 20:20:59.678648,2025-07-10 20:21:34.115107,0.57,0,1,1,1,0
7792,2025-07-10 20:22:35.045456,2025-07-10 20:23:09.705248,0.58,0,1,1,1,0
7793,2025-07-10 20:24:10.628052,2025-07-10 20:24:45.138918,0.58,0,1,1,1,0
7794,2025-07-10 20:25:46.053628,2025-07-10 20:26:20.673076,0.58,0,1,1,1,0
7795,2025-07-10 20:27:21.599635,2025-07-10 20:27:56.212602,0.58,0,1,1,1,0
7796,2025-07-10 20:28:57.112248,2025-07-10 20:29:31.321241,0.57,0,1,1,1,0
7797,2025-07-10 20:30:32.227664,2025-07-10 20:31:06.659096,0.57,0,1,1,1,0
7798,2025-07-10 20:32:07.578017,2025-07-10 20:32:41.809917,0.57,0,1,1,1,0
7799,2025-07-10 20:33:42.719631,2025-07-10 20:34:17.136775,0.57,0,1,1,1,0
7800,2025-07-10 20:35:18.045851,2025-07-10 20:35:52.761930,0.58,0,1,1,1,0
7801,2025-07-10 20:36:53.669916,2025-07-10 20:37:28.114549,0.57,0,1,1,1,0
7802,2025-07-10 20:38:29.029759,2025-07-10 20:39:03.795421,0.58,0,1,1,1,0
7803,2025-07-10 20:40:04.712320,2025-07-10 20:40:38.887956,0.57,0,1,1,1,0
7804,2025-07-10 20:41:39.833837,2025-07-10 20:42:14.362588,0.58,0,1,1,1,0
7805,2025-07-10 20:43:15.293710,2025-07-10 20:43:49.919806,0.58,0,1,1,1,0
7806,2025-07-10 20:44:50.839417,2025-07-10 20:45:25.483293,0.58,0,1,1,1,0
7807,2025-07-10 20:46:26.399720,2025-07-10 20:47:00.778137,0.57,0,1,1,1,0
7808,2025-07-10 20:48:01.686907,2025-07-10 20:48:36.171377,0.57,0,1,1,1,0
7809,2025-07-10 20:49:37.077562,2025-07-10 20:50:11.970469,0.58,0,1,1,1,0
7810,2025-07-10 20:51:12.878999,2025-07-10 20:51:47.695842,0.58,0,1,1,1,0
7811,2025-07-10 20:52:48.600217,2025-07-10 20:53:23.711525,0.59,0,1,1,1,0
7812,2025-07-10 20:54:24.636962,2025-07-10 20:54:59.408444,0.58,0,1,1,1,0
7813,2025-07-10 20:56:00.320310,2025-07-10 20:56:35.357171,0.58,0,1,1,1,0
7814,2025-07-10 20:57:36.275134,2025-07-10 20:58:11.418750,0.59,0,1,1,1,0
7815,2025-07-10 20:59:12.331872,2025-07-10 20:59:47.405388,0.58,0,1,1,1,0
7816,2025-07-10 21:00:48.328629,2025-07-10 21:01:23.093187,0.58,0,1,1,1,0
7817,2025-07-10 21:02:24.020431,2025-07-10 21:02:59.200716,0.59,0,1,1,1,0
7818,2025-07-10 21:04:00.110979,2025-07-10 21:04:35.066878,0.58,0,1,1,1,0
7819,2025-07-10 21:05:35.972520,2025-07-10 21:06:10.987671,0.58,0,1,1,1,0
7820,2025-07-10 21:07:11.914480,2025-07-10 21:07:47.040143,0.59,0,1,1,1,0
7821,2025-07-10 21:08:48.092332,2025-07-10 21:09:23.463321,0.59,0,1,1,1,0
7822,2025-07-10 21:10:24.382875,2025-07-10 21:10:59.282837,0.58,0,1,1,1,0
7823,2025-07-10 21:12:00.194380,2025-07-10 21:12:35.292002,0.58,0,1,1,1,0
7824,2025-07-10 21:13:36.197556,2025-07-10 21:14:11.261952,0.58,0,1,1,1,0
7825,2025-07-10 21:15:12.168166,2025-07-10 21:15:47.109463,0.58,0,1,1,1,0
7826,2025-07-10 21:16:48.021605,2025-07-10 21:17:23.375303,0.59,0,1,1,1,0
7827,2025-07-10 21:18:24.282649,2025-07-10 21:18:59.577770,0.59,0,1,1,1,0
7828,2025-07-10 21:20:00.495574,2025-07-10 21:20:35.752990,0.59,0,1,1,1,0
7829,2025-07-10 21:21:36.682662,2025-07-10 21:22:11.669182,0.58,0,1,1,1,0
7830,2025-07-10 21:23:12.573680,2025-07-10 21:23:47.837404,0.59,0,1,1,1,0
7831,2025-07-10 21:24:48.736391,2025-07-10 21:25:24.389323,0.59,0,1,1,1,0
7832,2025-07-10 21:26:25.308537,2025-07-10 21:27:01.046341,0.60,0,1,1,1,0
7833,2025-07-10 21:28:01.951499,2025-07-10 21:28:37.574979,0.59,0,1,1,1,0
7834,2025-07-10 21:29:38.506281,2025-07-10 21:30:13.855967,0.59,0,1,1,1,0
7835,2025-07-10 21:31:14.763007,2025-07-10 21:31:50.426583,0.59,0,1,1,1,0
7836,2025-07-10 21:32:51.337854,2025-07-10 21:33:26.916621,0.59,0,1,1,1,0
7837,2025-07-10 21:34:27.941262,2025-07-10 21:35:03.372716,0.59,0,1,1,1,0
7838,2025-07-10 21:36:04.281864,2025-07-10 21:36:39.569356,0.59,0,1,1,1,0
7839,2025-07-10 21:37:40.654155,2025-07-10 21:38:16.282507,0.59,0,1,1,1,0
7840,2025-07-10 21:39:17.193701,2025-07-10 21:39:52.668137,0.59,0,1,1,1,0
7841,2025-07-10 21:40:53.608496,2025-07-10 21:41:30.390623,0.61,0,1,1,1,0
7842,2025-07-10 21:42:31.385782,2025-07-10 21:43:08.750765,0.62,0,1,1,1,0
7843,2025-07-10 21:44:09.815708,2025-07-10 21:44:46.080469,0.60,0,1,1,1,0
7844,2025-07-10 21:45:46.995217,2025-07-10 21:46:22.852057,0.60,0,1,1,1,0
7845,2025-07-10 21:47:23.776146,2025-07-10 21:47:59.965358,0.60,0,1,1,1,0
7846,2025-07-10 21:49:00.900462,2025-07-10 21:49:36.877026,0.60,0,1,1,1,0
7847,2025-07-10 21:50:37.974443,2025-07-10 21:51:13.907063,0.60,0,1,1,1,0
7848,2025-07-10 21:52:14.826132,2025-07-10 21:52:50.548044,0.60,0,1,1,1,0
7849,2025-07-10 21:53:51.459896,2025-07-10 21:54:27.500481,0.60,0,1,1,1,0
7850,2025-07-10 21:55:28.416777,2025-07-10 21:56:04.418620,0.60,0,1,1,1,0
7851,2025-07-10 21:57:05.328197,2025-07-10 21:57:41.738313,0.61,0,1,1,1,0
7852,2025-07-10 21:58:42.653042,2025-07-10 21:59:19.008367,0.61,0,1,1,1,0
7853,2025-07-10 22:00:19.931843,2025-07-10 22:00:56.137472,0.60,0,1,1,1,0
7854,2025-07-10 22:01:57.044536,2025-07-10 22:02:34.783035,0.63,0,1,1,1,0
7855,2025-07-10 22:03:35.713382,2025-07-10 22:04:13.639262,0.63,0,1,1,1,0
7856,2025-07-10 22:05:14.677951,2025-07-10 22:05:51.919763,0.62,0,1,1,1,0
7857,2025-07-10 22:06:52.849155,2025-07-10 22:07:30.483552,0.63,0,1,1,1,0
7858,2025-07-10 22:08:31.404987,2025-07-10 22:09:08.560719,0.62,0,1,1,1,0
7859,2025-07-10 22:10:09.466724,2025-07-10 22:10:46.885053,0.62,0,1,1,1,0
7860,2025-07-10 22:11:47.788505,2025-07-10 22:12:24.947145,0.62,0,1,1,1,0
7861,2025-07-10 22:13:25.859875,2025-07-10 22:14:02.971131,0.62,0,1,1,1,0
7862,2025-07-10 22:15:03.896977,2025-07-10 22:15:41.823541,0.63,0,1,1,1,0
7863,2025-07-10 22:16:42.744153,2025-07-10 22:17:21.163409,0.64,0,1,1,1,0
7864,2025-07-10 22:18:22.066571,2025-07-10 22:19:00.358599,0.64,0,1,1,1,0
7865,2025-07-10 22:20:01.269559,2025-07-10 22:20:39.751502,0.64,0,1,1,1,0
7866,2025-07-10 22:21:40.741008,2025-07-10 22:22:18.952146,0.64,0,1,1,1,0
7867,2025-07-10 22:23:19.902897,2025-07-10 22:23:58.071586,0.64,0,1,1,1,0
7868,2025-07-10 22:24:59.000410,2025-07-10 22:25:37.504744,0.64,0,1,1,1,0
7869,2025-07-10 22:26:38.432628,2025-07-10 22:27:16.283241,0.63,0,1,1,1,0
7870,2025-07-10 22:28:17.192771,2025-07-10 22:28:55.312917,0.64,0,1,1,1,0
7871,2025-07-10 22:29:56.221171,2025-07-10 22:30:34.462239,0.64,0,1,1,1,0
7872,2025-07-10 22:31:35.378985,2025-07-10 22:32:13.791117,0.64,0,1,1,1,0
7873,2025-07-10 22:33:14.928434,2025-07-10 22:33:53.089713,0.64,0,1,1,1,0
7874,2025-07-10 22:34:54.020240,2025-07-10 22:35:31.902913,0.63,0,1,1,1,0
7875,2025-07-10 22:36:32.817095,2025-07-10 22:37:11.513328,0.64,0,1,1,1,0
7876,2025-07-10 22:38:12.437017,2025-07-10 22:38:50.500288,0.63,0,1,1,1,0
7877,2025-07-10 22:39:51.408058,2025-07-10 22:40:29.539176,0.64,0,1,1,1,0
7878,2025-07-10 22:41:30.452334,2025-07-10 22:42:08.621021,0.64,0,1,1,1,0
7879,2025-07-10 22:43:09.565090,2025-07-10 22:43:47.446783,0.63,0,1,1,1,0
7880,2025-07-10 22:44:48.365866,2025-07-10 22:45:26.508384,0.64,0,1,1,1,0
7881,2025-07-10 22:46:27.416627,2025-07-10 22:47:05.407740,0.63,0,1,1,1,0
7882,2025-07-10 22:48:06.311536,2025-07-10 22:48:44.221964,0.63,0,1,1,1,0
7883,2025-07-10 22:49:45.174801,2025-07-10 22:50:23.554950,0.64,0,1,1,1,0
7884,2025-07-10 22:51:24.458483,2025-07-10 22:52:03.116771,0.64,0,1,1,1,0
7885,2025-07-10 22:53:04.060529,2025-07-10 22:53:42.584000,0.64,0,1,1,1,0
7886,2025-07-10 22:54:43.533363,2025-07-10 22:55:21.883960,0.64,0,1,1,1,0
7887,2025-07-10 22:56:22.787341,2025-07-10 22:57:02.352030,0.66,0,1,1,1,0
7888,2025-07-10 22:58:03.355673,2025-07-10 22:58:41.938437,0.64,0,1,1,1,0
7889,2025-07-10 22:59:42.846254,2025-07-10 23:00:21.713127,0.65,0,1,1,1,0
7890,2025-07-10 23:01:22.676280,2025-07-10 23:02:00.953928,0.64,0,1,1,1,0
7891,2025-07-10 23:03:01.867886,2025-07-10 23:03:40.817350,0.65,0,1,1,1,0
7892,2025-07-10 23:04:41.743949,2025-07-10 23:05:20.693535,0.65,0,1,1,1,0
7893,2025-07-10 23:06:21.639602,2025-07-10 23:07:00.943078,0.66,0,1,1,1,0
7894,2025-07-10 23:08:01.846269,2025-07-10 23:08:41.016474,0.65,0,1,1,1,0
7895,2025-07-10 23:09:41.927532,2025-07-10 23:10:20.841016,0.65,0,1,1,1,0
7896,2025-07-10 23:11:21.746884,2025-07-10 23:12:00.431282,0.64,0,1,1,1,0
7897,2025-07-10 23:13:01.352418,2025-07-10 23:13:40.507741,0.65,0,1,1,1,0
7898,2025-07-10 23:14:41.573447,2025-07-10 23:15:20.896275,0.66,0,1,1,1,0
7899,2025-07-10 23:16:21.809128,2025-07-10 23:17:01.218398,0.66,0,1,1,1,0
7900,2025-07-10 23:18:02.132205,2025-07-10 23:18:41.383606,0.65,0,1,1,1,0
7901,2025-07-10 23:19:42.301201,2025-07-10 23:20:21.589274,0.65,0,1,1,1,0
7902,2025-07-10 23:21:22.508460,2025-07-10 23:22:01.655597,0.65,0,1,1,1,0
7903,2025-07-10 23:23:02.583721,2025-07-10 23:23:41.799047,0.65,0,1,1,1,0
7904,2025-07-10 23:24:42.701794,2025-07-10 23:25:21.847517,0.65,0,1,1,1,0
7905,2025-07-10 23:26:22.750473,2025-07-10 23:27:02.018347,0.65,0,1,1,1,0
7906,2025-07-10 23:28:02.951867,2025-07-10 23:28:42.366855,0.66,0,1,1,1,0
7907,2025-07-10 23:29:43.305375,2025-07-10 23:30:22.780326,0.66,0,1,1,1,0
7908,2025-07-10 23:31:23.751601,2025-07-10 23:32:03.241404,0.66,0,1,1,1,0
7909,2025-07-10 23:33:04.158132,2025-07-10 23:33:43.472772,0.66,0,1,1,1,0
7910,2025-07-10 23:34:44.383891,2025-07-10 23:35:23.822124,0.66,0,1,1,1,0
7911,2025-07-10 23:36:24.728019,2025-07-10 23:37:04.070694,0.66,0,1,1,1,0
7912,2025-07-10 23:38:04.980504,2025-07-10 23:38:44.787996,0.66,0,1,1,1,0
7913,2025-07-10 23:39:45.825660,2025-07-10 23:40:25.591931,0.66,0,1,1,1,0
7914,2025-07-10 23:41:26.499443,2025-07-10 23:42:07.096131,0.68,0,1,1,1,0
7915,2025-07-10 23:43:08.003585,2025-07-10 23:43:47.500117,0.66,0,1,1,1,0
7916,2025-07-10 23:44:48.405589,2025-07-10 23:45:27.842190,0.66,0,1,1,1,0
7917,2025-07-10 23:46:28.754884,2025-07-10 23:47:08.573806,0.66,0,1,1,1,0
7918,2025-07-10 23:48:09.527876,2025-07-10 23:48:49.710787,0.67,0,1,1,1,0
7919,2025-07-10 23:49:50.680850,2025-07-10 23:50:30.568438,0.66,0,1,1,1,0
7920,2025-07-10 23:51:31.480644,2025-07-10 23:52:11.522326,0.67,0,1,1,1,0
7921,2025-07-10 23:53:12.449629,2025-07-10 23:53:52.177331,0.66,0,1,1,1,0
7922,2025-07-10 23:54:53.093762,2025-07-10 23:55:33.545223,0.67,0,1,1,1,0
7923,2025-07-10 23:56:34.459476,2025-07-10 23:57:14.287598,0.66,0,1,1,1,0
7924,2025-07-10 23:58:15.213252,2025-07-10 23:58:55.227681,0.67,0,1,1,1,0
